,Gender,state,sector,Age,Edu_level,work_agri_forestry_fishing,Voters_card,BVN,Tax_invoice,Tax_cert,invest_freq,Borrowed_in_past,Debt,Drought_damage,Pest_infestation,Avg_income,Own_agri_land,Own_agri_mech_tool,banked,saving_strand,credit_strand,insurance_strand,investments_physical_assets,investments_capital_markets,finhealth_resilience,finhealth_access,finlit_knowledge,finhealth_indicator_final,source_of_borrowing
0,2,ABIA,1,25,4,0,1,2,2,2,2,2,2,2,2,2,2,3,1,1,4,1,1,2,2,0,2,1,1
1,1,ABIA,1,25,5,0,1,1,2,2,2,2,1,2,2,4,3,3,0,4,3,1,2,2,0,2,2,1,2
2,2,ABIA,1,23,5,0,1,2,2,2,1,2,3,2,2,3,2,3,0,4,4,1,1,2,1,0,2,1,1
3,1,ABIA,1,23,5,0,1,1,2,2,3,2,2,2,2,2,3,3,0,4,4,1,1,2,0,0,2,0,1
4,1,ADAMAWA,2,25,5,1,1,1,2,2,2,1,1,2,2,2,2,3,1,3,4,1,1,2,0,0,0,1,1
5,1,ADAMAWA,2,22,5,1,1,2,2,2,3,1,1,1,1,2,3,3,1,3,4,1,2,2,0,0,2,1,1
6,1,ADAMAWA,2,20,4,1,1,2,2,2,1,2,2,2,2,1,3,3,1,3,4,1,1,2,1,0,1,1,1
7,1,ADAMAWA,1,22,5,1,1,2,2,2,2,1,2,2,1,3,3,3,1,3,4,1,1,2,0,0,2,0,1
8,1,ADAMAWA,2,25,10,1,2,1,2,2,2,1,2,2,2,20,2,3,1,3,4,1,1,2,0,0,0,1,1
9,1,ADAMAWA,2,25,2,1,1,2,2,2,3,1,2,2,1,2,1,3,1,3,4,1,1,2,0,0,0,0,1
10,1,ADAMAWA,2,22,5,1,2,2,2,2,2,1,2,2,2,1,3,3,1,3,4,1,2,2,0,0,0,1,1
11,1,ADAMAWA,2,21,10,1,2,2,2,2,2,1,1,2,2,1,1,3,1,3,4,1,1,2,0,1,0,1,1
12,2,ADAMAWA,2,23,4,1,1,2,2,2,3,1,2,2,2,1,3,3,1,3,4,1,2,2,0,0,0,1,1
13,1,ADAMAWA,2,21,10,1,2,2,2,2,3,1,3,2,1,1,1,3,1,0,4,1,1,2,0,0,2,1,1
14,2,ADAMAWA,2,21,4,1,2,1,2,2,2,1,1,2,1,20,2,3,1,3,4,1,2,2,0,1,0,1,1
15,2,ADAMAWA,1,25,5,1,1,1,2,2,3,1,2,2,2,2,3,3,1,3,4,1,2,2,0,0,0,0,1
16,2,ADAMAWA,2,21,4,1,2,1,2,2,2,1,2,2,1,2,3,3,1,3,4,1,1,2,0,0,0,1,1
17,1,ADAMAWA,1,18,10,1,1,1,2,2,2,1,3,1,1,20,1,3,1,3,4,1,1,2,0,0,0,0,1
18,2,ADAMAWA,2,23,5,0,1,1,2,2,2,1,2,2,2,2,3,3,1,3,4,1,2,2,0,0,1,1,1
19,1,ADAMAWA,2,25,5,1,1,1,2,2,2,1,3,1,1,20,2,3,1,3,3,1,1,2,0,0,2,1,2
20,1,ADAMAWA,2,25,10,1,1,2,2,2,2,1,1,2,2,2,2,3,1,3,4,1,1,2,0,0,1,1,1
21,2,ADAMAWA,1,20,3,0,2,2,2,2,3,1,4,2,2,20,3,3,1,3,3,1,2,2,1,0,0,0,2
22,1,ADAMAWA,2,25,5,1,1,2,2,2,2,1,2,2,2,2,1,3,1,1,4,1,1,2,0,1,0,1,1
23,1,ADAMAWA,2,25,10,1,2,2,2,2,2,1,3,2,1,19,1,3,1,3,4,1,1,2,0,0,0,1,1
24,2,ADAMAWA,2,24,4,1,1,2,2,2,2,1,3,2,1,1,3,3,1,3,4,1,2,2,0,0,1,1,1
25,2,ADAMAWA,2,22,3,1,1,1,2,2,3,1,2,1,2,20,3,3,1,3,4,1,2,2,0,0,1,0,1
26,1,ADAMAWA,2,23,5,1,1,1,2,2,2,1,1,2,2,6,1,3,1,3,4,1,2,2,0,0,2,0,1
27,2,ADAMAWA,2,20,4,1,2,1,2,2,3,1,2,1,1,20,1,3,1,3,4,1,2,2,0,0,1,0,1
28,1,ADAMAWA,2,25,2,1,2,1,1,2,2,1,2,1,1,3,1,3,1,3,3,1,1,2,0,0,2,0,2
29,1,ADAMAWA,2,21,4,1,1,2,2,2,2,1,3,1,1,19,1,3,1,3,4,1,1,2,2,0,1,1,1
30,1,ADAMAWA,2,19,4,1,1,2,2,2,2,2,1,2,2,1,2,1,1,3,4,1,1,2,0,0,1,1,1
31,2,ADAMAWA,1,25,3,0,1,1,2,2,3,2,1,2,2,20,3,3,1,3,4,1,2,2,0,0,0,0,1
32,1,ADAMAWA,1,25,4,0,2,2,2,2,2,1,2,2,2,1,3,3,1,1,3,1,1,2,0,0,1,1,2
33,1,ADAMAWA,2,23,5,1,2,1,2,2,2,1,1,2,2,2,1,3,0,3,4,1,1,2,0,1,1,1,1
34,1,ADAMAWA,2,22,5,0,1,2,1,1,3,1,2,1,2,1,3,3,0,4,4,1,2,2,0,0,2,0,1
35,2,ADAMAWA,2,24,5,1,1,2,2,2,2,1,1,2,2,2,2,3,0,1,3,1,2,2,0,1,0,2,2
36,2,ADAMAWA,2,25,7,0,1,1,2,2,3,1,3,2,2,2,3,3,0,4,4,1,2,2,1,0,1,1,1
37,2,ADAMAWA,2,20,4,1,2,2,2,2,3,1,2,1,1,2,1,3,0,3,4,1,2,2,1,0,0,1,1
38,2,ADAMAWA,2,19,3,1,1,1,2,2,3,2,1,2,1,1,3,3,0,3,4,1,1,2,1,0,2,1,1
39,2,ADAMAWA,1,25,6,0,1,2,2,2,3,2,1,2,2,2,3,3,0,4,4,1,2,2,0,0,2,1,1
40,1,ADAMAWA,2,23,6,1,1,2,2,2,2,1,2,2,1,20,1,3,0,3,4,1,2,2,0,0,1,1,1
41,2,ADAMAWA,2,25,5,1,2,1,2,2,2,1,2,2,2,1,3,3,0,3,4,1,2,2,0,0,0,1,1
42,2,ADAMAWA,2,25,5,1,1,2,2,2,2,1,2,2,2,2,3,3,0,1,4,1,1,2,0,0,2,1,1
43,2,ADAMAWA,1,24,6,1,2,1,2,2,2,1,1,2,2,1,1,3,0,3,4,1,1,2,0,0,0,1,1
44,1,ADAMAWA,2,22,5,1,1,1,2,2,2,1,2,1,1,2,2,3,0,4,2,1,1,2,0,0,2,0,3
45,2,ADAMAWA,2,24,11,1,2,2,2,2,2,1,2,1,1,1,1,1,0,0,4,1,1,2,0,0,1,1,1
46,1,ADAMAWA,2,25,5,1,1,2,2,2,2,1,1,2,2,2,1,3,0,3,4,1,1,2,0,1,0,1,1
47,1,ADAMAWA,1,20,5,1,1,1,2,2,3,1,2,2,1,3,3,3,0,4,4,1,1,2,0,0,2,1,1
48,1,ADAMAWA,1,22,6,0,1,1,2,2,1,2,2,2,1,4,3,3,0,4,3,1,1,2,0,0,2,1,2
49,2,ADAMAWA,1,20,5,0,2,2,2,2,3,1,2,2,1,19,3,3,0,4,4,1,2,2,0,0,0,0,1
50,2,ADAMAWA,2,24,5,1,2,1,2,2,3,1,1,2,2,1,3,3,0,3,4,1,2,2,1,0,2,0,1
51,2,AKWA IBOM,2,20,5,0,1,1,2,2,3,1,2,2,1,2,3,3,1,3,4,1,2,2,0,0,0,0,1
52,2,AKWA IBOM,1,25,5,1,2,2,2,2,3,1,1,2,2,5,3,3,1,3,4,1,2,2,0,0,0,0,1
53,2,AKWA IBOM,2,23,4,0,1,2,2,2,3,2,2,2,2,19,3,3,1,1,4,1,2,2,2,0,0,1,1
54,2,AKWA IBOM,2,22,3,0,2,2,2,2,3,2,4,2,2,2,3,3,1,3,3,1,2,2,0,0,0,1,2
55,2,AKWA IBOM,1,20,4,1,2,2,2,2,3,1,3,2,2,1,3,3,1,1,4,1,2,2,0,0,0,0,1
56,2,AKWA IBOM,1,20,4,0,2,1,2,2,3,1,1,2,2,8,3,3,1,1,4,1,2,2,0,0,0,1,1
57,1,AKWA IBOM,2,25,4,1,1,1,2,2,3,1,1,2,1,3,1,3,1,1,4,1,1,2,2,0,1,2,1
58,1,AKWA IBOM,2,18,3,0,2,2,2,2,3,2,2,1,1,1,1,3,1,1,3,1,1,2,0,0,2,1,2
59,2,AKWA IBOM,1,19,4,0,2,2,2,2,3,1,2,2,2,6,3,3,0,3,4,1,1,2,0,0,1,1,1
60,2,AKWA IBOM,1,24,5,1,1,1,2,2,3,1,2,1,1,11,3,3,0,1,4,1,2,2,0,1,2,1,1
61,1,AKWA IBOM,1,24,5,0,2,2,2,2,3,2,1,2,2,19,3,3,0,1,4,1,2,2,2,0,2,1,1
62,2,AKWA IBOM,1,23,5,0,2,1,2,2,3,1,2,2,2,8,3,3,0,4,4,1,2,2,0,0,2,1,1
63,1,AKWA IBOM,2,22,5,0,1,1,2,2,3,1,3,2,2,2,3,3,0,4,4,1,2,2,2,1,1,2,1
64,2,AKWA IBOM,1,22,5,0,2,1,2,2,3,2,1,2,2,2,3,3,0,1,4,1,2,2,0,0,0,1,1
65,2,AKWA IBOM,1,22,5,0,1,2,2,2,3,2,2,2,2,1,3,3,0,3,4,1,2,2,0,0,2,0,1
66,2,AKWA IBOM,1,21,5,0,1,1,2,2,3,1,2,2,2,3,3,3,0,4,4,1,2,2,0,0,2,1,1
67,2,AKWA IBOM,2,25,5,0,1,2,2,2,3,1,1,2,2,19,1,3,0,1,4,1,1,2,0,0,0,1,1
68,2,AKWA IBOM,2,25,5,0,1,1,2,2,3,1,2,2,1,4,3,3,0,4,4,1,2,1,0,0,2,0,1
69,1,AKWA IBOM,1,20,5,0,2,2,2,2,3,1,2,2,2,2,3,3,0,4,4,1,2,2,0,0,1,0,1
70,2,AKWA IBOM,2,25,5,0,1,1,2,2,3,1,2,2,2,3,1,3,0,4,4,1,2,2,0,0,2,1,1
71,2,AKWA IBOM,2,20,5,0,1,1,2,1,3,1,1,2,1,6,3,3,0,2,4,1,2,2,0,0,0,0,1
72,2,AKWA IBOM,2,22,5,0,1,1,2,2,3,1,2,2,2,2,3,3,0,3,4,1,2,2,0,0,2,0,1
73,1,AKWA IBOM,2,22,4,0,1,1,2,2,3,1,2,2,2,4,3,3,0,4,3,1,2,2,0,0,2,0,2
74,1,AKWA IBOM,2,25,4,0,1,1,2,2,3,1,3,2,2,3,3,3,0,4,4,1,2,2,0,0,0,1,1
75,2,AKWA IBOM,2,25,3,0,1,1,2,2,3,1,3,2,2,3,3,3,0,1,3,1,1,2,0,0,0,0,2
76,1,AKWA IBOM,2,24,5,0,2,1,2,2,3,1,1,2,2,1,3,3,0,0,4,1,2,2,0,0,2,1,1
77,2,AKWA IBOM,2,22,5,0,2,1,2,2,3,1,2,2,2,2,3,3,0,4,4,1,2,2,0,0,0,0,1
78,1,AKWA IBOM,1,25,5,1,1,2,2,2,3,1,2,2,2,2,3,3,0,1,4,1,2,2,0,0,1,0,1
79,1,ANAMBRA,1,23,5,0,1,1,1,1,3,1,1,2,2,4,3,3,0,4,4,1,1,2,0,0,2,1,1
80,1,ANAMBRA,1,24,5,0,1,1,2,2,2,1,1,1,2,4,1,3,0,4,4,1,1,2,0,0,2,0,1
81,1,ANAMBRA,1,23,5,0,1,2,2,2,3,1,3,2,2,2,3,3,0,4,3,1,1,2,2,2,2,2,2
82,1,ANAMBRA,1,23,5,0,1,1,2,2,3,2,1,2,2,2,3,3,0,4,3,1,2,2,1,2,2,2,2
83,1,ANAMBRA,1,23,5,0,1,1,1,1,3,1,1,2,2,4,3,3,0,4,4,1,1,2,0,2,2,2,1
84,2,ANAMBRA,1,25,7,0,1,1,2,2,2,1,1,2,2,6,2,3,0,4,3,1,1,2,0,2,1,2,2
85,2,ANAMBRA,1,25,5,0,1,1,2,2,3,1,1,2,2,2,2,3,0,4,4,1,2,2,0,0,1,1,1
86,1,BAUCHI,2,20,10,1,1,2,2,2,2,1,2,2,1,1,2,3,1,3,4,1,1,2,0,0,1,1,1
87,1,BAUCHI,2,25,5,1,1,2,2,2,2,1,3,2,2,20,1,3,1,3,4,1,1,2,0,0,0,1,1
88,1,BAUCHI,2,25,3,1,1,2,2,2,2,1,1,2,2,19,1,3,1,3,4,1,1,2,0,0,0,0,1
89,1,BAUCHI,2,22,3,1,1,2,2,2,3,1,3,1,1,20,1,3,1,3,4,1,1,2,0,0,0,0,1
90,1,BAUCHI,2,25,5,1,1,2,2,2,3,1,3,1,1,20,3,3,1,3,4,1,2,2,0,0,0,0,1
91,1,BAUCHI,2,25,2,1,1,2,2,2,2,1,1,2,2,2,3,3,1,3,4,1,1,2,2,0,0,1,1
92,2,BAUCHI,2,20,10,0,2,1,2,2,3,1,1,2,2,2,3,3,1,3,4,1,2,2,1,0,0,1,1
93,1,BAUCHI,2,20,4,0,1,1,2,2,2,1,2,2,2,3,3,3,1,3,4,1,1,2,1,0,0,1,1
94,2,BAUCHI,2,23,3,0,1,2,2,2,3,1,2,2,2,19,3,3,1,3,4,1,2,2,0,0,0,0,1
95,1,BAUCHI,2,25,3,1,1,2,2,2,2,1,3,1,1,20,3,3,1,3,4,1,2,2,0,0,0,1,1
96,1,BAUCHI,2,23,5,1,2,2,2,2,3,1,2,2,2,2,1,3,1,3,4,1,1,2,0,0,0,0,1
97,1,BAUCHI,2,25,11,1,2,2,2,2,2,1,3,1,2,20,3,3,1,3,4,1,1,2,0,0,0,1,1
98,1,BAUCHI,1,20,4,1,2,1,2,2,3,1,2,2,2,20,3,3,1,3,4,1,1,2,0,0,0,0,1
99,1,BAUCHI,2,18,10,1,2,2,2,2,2,1,2,2,2,1,1,3,1,3,3,1,1,2,0,1,0,1,2
100,1,BAUCHI,2,25,3,1,1,2,2,2,2,1,1,2,2,2,1,3,1,3,3,1,1,2,1,0,0,1,2
101,1,BAUCHI,2,20,11,1,1,2,2,2,2,1,3,2,2,2,3,3,1,3,4,1,2,2,0,0,0,0,1
102,1,BAUCHI,2,23,5,1,1,2,2,2,2,2,2,2,2,1,1,3,1,3,4,1,1,2,0,0,0,0,1
103,1,BAUCHI,2,24,3,0,1,2,2,2,3,1,3,2,2,1,3,3,1,3,4,1,2,2,0,0,2,0,1
104,1,BAUCHI,2,24,10,1,2,2,2,2,3,1,3,2,2,20,1,3,1,3,4,1,1,2,0,0,0,0,1
105,1,BAUCHI,2,25,11,1,2,2,2,2,2,1,1,2,2,1,1,3,1,0,4,1,1,2,0,0,0,0,1
106,1,BAUCHI,2,25,11,1,1,2,2,2,2,1,3,2,2,1,1,3,1,3,4,1,1,2,0,1,0,1,1
107,2,BAUCHI,1,21,10,0,2,2,2,2,2,1,2,2,2,2,3,3,1,3,4,1,2,2,0,0,0,1,1
108,1,BAUCHI,2,25,11,1,1,2,2,2,2,1,2,1,1,20,1,3,1,3,4,1,1,2,0,0,0,1,1
109,1,BAUCHI,2,20,4,1,1,2,2,2,2,1,1,2,1,1,3,3,1,0,4,1,1,2,0,0,2,1,1
110,1,BAUCHI,2,25,11,1,1,2,2,2,3,1,2,2,2,20,3,3,1,3,4,1,1,2,1,0,0,0,1
111,1,BAUCHI,2,24,11,1,2,1,2,2,2,1,2,2,2,1,1,3,1,3,4,1,1,2,0,0,0,0,1
112,2,BAUCHI,2,18,10,1,2,1,2,2,2,1,1,2,2,20,1,3,1,3,4,1,1,2,1,0,0,1,1
113,2,BAUCHI,2,18,10,1,1,2,2,2,2,1,2,2,2,1,3,3,1,1,4,1,1,2,0,0,0,0,1
114,1,BAUCHI,2,25,10,1,2,2,2,2,2,1,3,2,2,6,1,3,1,3,4,1,1,2,0,0,0,0,1
115,2,BAUCHI,2,25,5,0,1,1,2,2,3,1,3,2,2,20,3,3,1,3,4,1,2,2,0,0,0,0,1
116,2,BAUCHI,2,23,3,0,2,1,2,2,3,1,1,2,2,1,3,3,1,3,3,1,2,2,2,0,0,1,2
117,1,BAUCHI,2,24,11,1,1,1,2,2,3,1,3,1,2,20,1,3,1,3,4,1,1,2,0,0,0,0,1
118,2,BAUCHI,2,22,11,1,1,2,2,2,2,1,1,2,2,2,2,3,1,1,4,1,1,2,0,0,1,1,1
119,2,BAUCHI,2,25,11,1,1,2,2,2,2,1,1,2,2,2,1,3,1,1,3,1,1,2,0,0,1,1,2
120,2,BAUCHI,2,18,11,1,2,2,2,2,2,2,1,2,2,3,2,3,1,1,4,1,1,2,0,0,2,1,1
121,2,BAUCHI,2,25,11,1,1,1,2,2,2,1,2,2,2,1,1,3,1,1,3,1,1,2,0,0,0,0,2
122,2,BAUCHI,2,23,3,1,1,2,2,2,2,1,2,2,2,1,3,3,1,1,4,1,1,2,0,1,0,1,1
123,2,BAUCHI,2,25,5,0,2,2,2,2,2,1,2,2,2,19,3,3,1,1,3,1,1,2,0,1,0,1,2
124,2,BAUCHI,2,23,11,0,1,2,2,2,2,1,1,2,2,6,2,3,1,0,4,1,1,2,1,0,2,2,1
125,2,BAUCHI,2,25,10,1,1,2,2,2,2,1,2,2,2,1,1,3,1,3,4,1,1,2,0,1,0,1,1
126,2,BAUCHI,2,25,10,1,1,2,2,2,2,1,2,2,2,1,1,3,1,1,4,1,1,2,0,1,0,1,1
127,1,BAUCHI,2,23,3,1,2,2,2,2,2,1,1,2,2,4,1,3,1,3,4,1,1,2,1,1,1,1,1
128,2,BAUCHI,2,21,11,1,1,2,2,2,2,1,1,2,2,2,2,3,1,3,4,1,1,2,0,0,0,1,1
129,2,BAUCHI,1,19,3,1,2,2,2,2,3,1,1,2,2,1,3,3,1,3,4,1,1,2,1,0,0,0,1
130,1,BAUCHI,1,23,2,0,1,2,2,2,3,1,3,2,2,6,1,3,1,3,4,1,1,2,1,1,2,1,1
131,2,BAUCHI,1,23,3,1,2,2,2,2,2,1,1,2,2,2,3,3,1,3,4,1,1,2,2,0,2,1,1
132,1,BAUCHI,2,25,5,1,1,2,2,2,2,1,2,2,2,2,1,3,1,1,4,1,1,2,0,0,0,1,1
133,1,BAUCHI,2,23,5,1,1,1,2,2,2,1,2,2,2,1,1,3,1,3,4,1,1,2,1,0,0,1,1
134,1,BAUCHI,2,24,3,1,2,2,2,2,2,1,2,2,2,1,3,3,1,3,4,1,1,2,0,0,0,1,1
135,1,BAUCHI,2,25,3,1,2,2,2,2,3,1,2,2,2,19,1,3,1,3,4,1,1,2,0,0,0,0,1
136,1,BAUCHI,2,20,4,1,1,1,2,2,3,1,1,2,2,2,1,3,1,3,4,1,1,2,1,1,2,1,1
137,2,BAUCHI,2,19,11,0,1,2,2,2,2,1,1,2,2,3,2,3,1,1,3,1,1,2,0,0,2,1,2
138,1,BAUCHI,2,25,11,1,2,2,2,2,2,1,2,2,2,20,1,3,1,3,4,1,1,2,0,0,0,1,1
139,2,BAUCHI,2,18,2,1,2,1,2,2,2,1,1,2,2,2,2,3,1,1,3,1,1,2,1,0,1,1,2
140,1,BAUCHI,2,25,10,1,2,2,2,2,2,1,1,2,2,3,1,3,1,3,4,1,1,2,1,1,0,2,1
141,1,BAUCHI,2,24,6,1,1,2,2,2,2,1,1,2,2,2,1,3,0,4,3,1,1,2,0,1,2,1,2
142,1,BAUCHI,1,23,5,0,1,1,2,2,3,1,2,2,2,2,3,3,0,4,4,1,2,2,0,0,2,1,1
143,2,BAUCHI,1,22,4,0,2,2,2,2,3,1,2,2,2,20,3,3,0,3,4,1,2,2,0,0,0,0,1
144,1,BAUCHI,2,20,5,0,1,1,2,2,3,1,1,2,2,1,3,3,0,4,4,1,2,2,1,0,2,0,1
145,2,BAUCHI,2,18,5,0,1,2,2,2,2,1,2,2,2,1,3,3,0,0,4,1,2,2,0,1,0,1,1
146,1,BAUCHI,2,25,3,1,1,2,2,2,2,1,2,2,2,2,1,3,0,3,4,1,1,2,0,0,0,0,1
147,2,BAUCHI,1,19,4,0,1,1,2,2,2,1,1,2,2,3,3,3,0,4,4,1,1,2,1,0,1,1,1
148,2,BAUCHI,2,22,4,0,1,2,2,2,2,2,2,2,2,1,3,3,0,1,4,1,1,2,2,1,1,1,1
149,2,BAUCHI,1,19,5,0,1,1,2,2,2,1,1,2,2,5,3,3,0,4,3,1,1,2,1,0,1,1,2
150,2,BAUCHI,2,18,11,1,1,1,2,2,2,1,2,2,2,3,2,3,0,4,3,1,1,1,0,0,1,1,2
151,1,BAUCHI,2,25,4,1,1,2,2,2,2,2,1,2,1,6,1,3,0,1,4,1,1,2,2,1,1,2,1
152,2,BAUCHI,2,22,10,0,2,1,2,2,2,2,1,2,2,2,3,3,0,0,4,1,1,2,0,0,2,1,1
153,2,BAUCHI,1,20,3,1,1,1,2,2,2,1,1,2,2,2,3,3,0,1,4,1,1,2,2,1,2,2,1
154,2,BAUCHI,2,20,2,0,1,1,2,2,2,1,1,2,2,3,2,3,0,1,4,1,1,2,0,0,2,1,1
155,1,BAUCHI,2,23,3,1,1,2,2,2,2,1,3,1,1,20,1,3,0,4,3,1,1,2,0,0,0,0,2
156,1,BAUCHI,2,25,10,0,1,2,2,2,2,1,2,2,2,4,1,3,0,3,4,1,1,2,0,1,1,1,1
157,1,BAUCHI,1,19,5,0,1,1,2,2,2,1,1,2,2,2,3,3,0,4,4,1,1,2,1,1,2,2,1
158,1,BAUCHI,2,25,10,0,1,2,2,2,2,1,1,2,2,2,1,3,0,3,4,1,1,2,1,0,1,1,1
159,1,BAUCHI,2,22,4,1,1,1,2,2,3,2,1,2,1,1,2,1,0,4,4,1,2,2,1,0,0,1,1
160,1,BAUCHI,2,25,6,1,1,1,2,2,2,1,2,2,2,2,2,3,0,4,4,1,1,2,1,0,2,1,1
161,2,BAUCHI,1,25,5,1,1,1,2,2,2,1,1,2,2,2,2,3,0,4,4,1,1,2,1,0,1,2,1
162,1,BAYELSA,2,21,4,0,2,2,2,2,3,1,1,2,2,2,3,3,1,0,4,1,2,2,0,0,0,0,1
163,2,BAYELSA,1,21,5,0,1,2,2,2,3,1,1,2,2,3,3,3,1,1,4,1,2,2,2,0,2,2,1
164,2,BAYELSA,1,24,5,1,1,1,2,2,3,2,1,2,2,3,2,3,1,0,4,1,1,2,0,0,2,0,1
165,2,BAYELSA,2,19,5,1,1,1,2,2,3,1,1,2,2,3,3,3,1,0,4,1,2,2,0,0,2,1,1
166,2,BAYELSA,2,24,5,0,1,2,2,2,2,1,1,2,2,2,3,3,1,3,4,1,2,2,1,0,2,2,1
167,2,BAYELSA,1,24,5,0,1,1,2,2,2,1,2,2,2,2,3,3,1,0,4,1,2,2,0,0,2,1,1
168,1,BAYELSA,1,25,5,0,1,1,2,2,2,1,2,2,2,2,3,3,1,3,3,1,2,2,0,0,1,1,2
169,2,BAYELSA,2,19,3,0,2,2,2,2,3,1,1,2,2,2,3,3,1,1,3,1,2,2,0,0,0,0,2
170,2,BAYELSA,1,25,5,1,1,1,2,2,1,2,1,2,2,2,2,3,0,0,4,1,1,2,0,0,1,0,1
171,1,BAYELSA,1,23,5,1,1,1,2,2,2,1,1,2,2,4,3,3,0,4,2,1,2,2,1,0,2,1,3
172,2,BAYELSA,2,25,5,0,1,2,2,2,3,1,1,2,2,3,3,3,0,0,4,1,2,2,1,0,2,1,1
173,2,BAYELSA,1,25,5,0,1,1,2,2,3,1,2,2,2,3,3,3,0,0,4,1,2,2,1,0,2,1,1
174,1,BAYELSA,2,20,5,1,1,2,2,2,2,1,1,2,2,2,3,3,0,2,4,1,2,2,0,0,2,1,1
175,2,BAYELSA,2,22,7,0,1,1,2,2,2,1,1,2,2,2,3,3,0,4,4,1,2,2,1,0,1,2,1
176,2,BAYELSA,1,25,5,0,1,1,2,2,2,1,1,2,2,3,3,3,0,1,3,1,2,2,1,0,2,2,2
177,2,BAYELSA,1,25,5,0,1,1,2,2,3,1,1,2,2,3,3,3,0,4,3,1,2,2,0,0,2,1,2
178,2,BAYELSA,1,21,5,0,1,1,2,2,3,1,1,2,2,2,3,3,0,2,4,1,2,2,0,0,2,0,1
179,2,BAYELSA,1,21,5,0,1,1,2,2,3,1,1,2,2,3,3,3,0,4,3,1,2,2,1,0,2,1,2
180,1,BAYELSA,2,22,4,1,1,2,2,2,3,1,1,2,2,2,3,3,0,2,2,1,2,2,0,0,2,1,3
181,2,BAYELSA,2,21,5,0,2,2,2,2,3,1,1,2,1,2,3,3,0,4,3,1,2,2,1,0,2,1,2
182,2,BAYELSA,1,25,5,0,1,1,2,2,2,1,2,2,2,2,3,3,0,4,4,1,2,2,0,0,2,1,1
183,1,BAYELSA,1,19,5,0,1,2,2,1,2,1,1,2,2,3,3,3,0,4,2,1,2,2,0,2,2,2,3
184,2,BAYELSA,1,22,5,0,2,2,2,2,3,1,1,2,2,2,3,3,0,4,4,1,1,2,0,0,1,1,1
185,2,BAYELSA,1,21,5,0,1,1,2,2,3,1,1,2,2,3,3,3,0,4,4,1,2,2,0,0,2,1,1
186,2,BAYELSA,1,22,5,0,2,1,2,2,3,1,1,2,2,2,3,3,0,1,3,1,1,2,2,0,2,1,2
187,2,BAYELSA,1,19,5,0,2,1,2,2,2,1,1,2,2,3,3,3,0,2,4,1,2,2,1,0,2,1,1
188,1,BENUE,1,22,4,1,1,2,2,2,3,1,1,2,2,1,3,3,1,3,4,1,2,2,0,0,0,1,1
189,1,BENUE,2,21,5,1,1,2,2,2,1,1,3,2,2,3,2,3,1,0,4,1,2,2,0,0,0,1,1
190,2,BENUE,2,25,5,0,2,2,2,2,3,1,3,2,2,2,3,3,1,1,3,1,1,2,1,0,1,1,2
191,1,BENUE,2,23,4,1,1,2,1,2,3,1,1,2,1,1,1,3,1,1,3,1,1,2,0,0,2,1,2
192,2,BENUE,1,18,4,0,2,2,2,2,2,1,3,2,2,19,3,3,1,1,3,1,1,2,0,0,1,0,2
193,2,BENUE,2,20,4,1,2,2,2,2,3,1,3,2,1,1,2,3,1,1,3,1,1,2,0,0,0,1,2
194,1,BENUE,2,18,4,1,1,1,2,2,3,1,3,2,2,2,1,3,1,1,3,1,1,2,0,0,1,0,2
195,1,BENUE,1,20,5,0,2,2,2,2,3,1,2,2,2,2,3,3,1,1,4,1,1,2,0,0,0,1,1
196,1,BENUE,2,25,4,1,1,2,2,2,2,1,3,2,2,1,1,3,1,1,4,1,1,2,0,0,1,0,1
197,2,BENUE,2,25,3,1,1,2,2,2,3,1,2,2,2,2,3,3,1,1,4,1,1,2,1,0,0,0,1
198,1,BENUE,2,20,3,1,1,2,2,2,2,1,3,2,2,2,1,3,1,3,3,1,1,2,0,0,2,0,2
199,1,BENUE,1,19,4,1,1,2,2,2,3,2,2,2,2,20,2,3,1,3,4,1,2,2,0,0,2,0,1
200,1,BENUE,1,19,5,0,1,2,2,2,3,1,1,2,2,2,3,3,1,2,4,1,2,2,2,0,2,2,1
201,1,BENUE,2,25,5,1,2,2,2,2,3,1,4,2,1,2,1,3,1,3,4,1,1,2,0,0,0,1,1
202,2,BENUE,2,22,2,1,2,2,2,2,3,1,4,2,2,1,3,3,1,0,4,1,1,2,0,0,0,1,1
203,1,BENUE,1,25,5,0,1,2,2,2,3,1,1,2,2,18,3,3,0,3,4,1,2,2,0,0,1,1,1
204,1,BENUE,2,25,5,1,1,2,2,2,3,1,1,2,2,3,2,3,0,4,3,1,2,2,0,0,2,2,2
205,1,BENUE,2,20,3,1,1,2,2,2,3,1,1,2,2,2,1,3,0,3,4,1,1,2,0,0,0,0,1
206,1,BENUE,2,25,5,1,1,1,2,2,3,1,1,2,1,1,1,3,0,3,4,1,2,2,0,0,2,0,1
207,1,BENUE,1,21,4,1,1,1,1,2,3,1,2,2,2,2,1,3,0,4,3,1,1,2,0,0,1,0,2
208,2,BENUE,2,23,2,1,2,2,2,2,3,1,3,2,2,1,2,3,0,0,4,1,2,2,0,0,0,1,1
209,2,BENUE,2,21,3,1,1,1,2,2,3,1,2,2,2,1,3,3,0,1,3,1,2,2,0,0,0,1,2
210,1,BENUE,1,24,5,1,1,2,2,2,3,2,2,2,2,2,2,3,0,2,3,1,1,1,0,1,0,1,2
211,1,BORNO,1,21,10,0,1,2,2,2,2,1,2,2,2,1,3,3,1,3,4,1,1,2,0,1,1,1,1
212,2,BORNO,2,19,11,1,2,2,2,2,3,2,4,2,2,1,3,3,1,3,4,1,1,2,1,1,1,0,1
213,2,BORNO,2,25,3,0,1,1,2,2,2,1,3,2,2,1,3,1,1,0,4,1,2,2,0,0,2,0,1
214,2,BORNO,2,20,11,1,2,2,2,2,3,1,2,2,2,1,1,3,1,3,4,1,1,2,0,1,2,0,1
215,1,BORNO,2,24,11,1,1,2,2,2,2,1,1,2,2,20,2,3,1,3,4,1,1,2,0,1,0,1,1
216,2,BORNO,1,24,5,0,2,2,2,2,2,1,2,2,2,18,3,3,1,3,4,1,2,2,0,1,0,1,1
217,2,BORNO,1,25,5,1,1,2,2,2,2,1,3,2,2,20,3,3,1,3,4,1,2,2,0,1,0,1,1
218,2,BORNO,2,21,11,1,1,2,2,2,2,1,1,2,2,19,3,3,1,1,4,1,2,2,0,1,1,1,1
219,2,BORNO,1,18,10,1,1,2,2,2,1,1,1,2,2,2,1,2,1,1,3,1,1,2,0,0,1,1,2
220,2,BORNO,1,22,11,0,1,2,2,2,1,1,2,2,2,19,1,3,1,3,4,1,1,2,0,1,2,1,1
221,1,BORNO,1,19,10,1,1,1,2,2,3,1,2,2,2,19,1,3,0,4,4,1,2,2,0,1,2,1,1
222,1,BORNO,2,25,11,1,1,2,2,2,2,1,2,2,2,3,1,3,0,4,4,1,1,1,2,2,2,2,1
223,2,BORNO,1,24,5,1,2,2,2,2,1,1,1,2,2,18,1,3,0,4,4,1,2,2,0,1,1,1,1
224,1,BORNO,2,20,5,1,2,2,2,2,2,2,1,2,2,18,3,3,0,4,4,1,1,2,0,0,2,1,1
225,2,BORNO,2,25,11,1,1,2,2,2,3,1,1,2,1,20,3,3,0,3,4,1,1,2,2,0,0,1,1
226,2,CROSS RIVER,1,25,3,0,2,2,2,2,3,2,2,2,2,1,3,3,1,3,4,1,2,2,0,0,2,0,1
227,2,CROSS RIVER,1,24,3,1,2,2,2,2,3,1,2,2,2,3,3,3,1,3,4,1,1,2,0,0,1,0,1
228,1,CROSS RIVER,2,25,5,1,1,2,2,2,3,1,2,2,2,2,3,3,1,0,4,1,1,2,0,0,0,1,1
229,2,CROSS RIVER,1,24,2,1,2,2,2,2,3,1,3,2,2,3,1,3,1,3,4,1,2,2,0,0,2,0,1
230,2,CROSS RIVER,2,21,4,0,2,2,2,2,3,1,2,2,2,3,3,3,1,3,4,1,2,2,0,0,0,0,1
231,2,CROSS RIVER,1,19,4,1,2,2,2,2,3,1,1,2,2,2,2,3,1,1,3,1,1,2,1,0,0,2,2
232,1,CROSS RIVER,2,23,4,1,1,1,2,2,3,1,2,2,1,1,1,3,1,1,3,1,1,2,2,0,0,1,2
233,1,CROSS RIVER,1,25,3,1,1,1,2,2,3,1,2,2,2,2,1,3,1,3,4,1,1,2,0,0,2,0,1
234,1,CROSS RIVER,1,22,4,1,1,2,2,2,3,1,1,2,2,2,2,3,1,1,4,1,1,2,0,0,0,1,1
235,2,CROSS RIVER,2,24,5,1,1,2,2,2,3,1,2,2,2,1,3,3,1,1,4,1,1,2,0,0,0,1,1
236,1,CROSS RIVER,2,21,5,1,1,2,2,2,3,1,1,2,2,2,2,3,1,1,4,1,1,2,0,1,0,1,1
237,2,CROSS RIVER,1,20,5,1,1,2,2,2,3,2,1,2,2,2,1,3,1,3,4,1,1,2,2,0,1,0,1
238,1,CROSS RIVER,1,23,5,1,1,2,2,2,3,1,1,2,1,18,1,3,1,1,3,1,1,2,1,0,2,1,2
239,2,CROSS RIVER,2,25,5,1,1,1,2,2,2,1,1,2,2,2,3,3,0,4,4,1,2,2,2,0,2,1,1
240,2,CROSS RIVER,2,24,4,0,1,2,2,2,3,1,2,2,1,1,1,3,0,1,3,1,1,2,2,0,2,1,2
241,1,CROSS RIVER,1,20,5,1,1,2,2,2,2,1,2,2,2,2,1,3,0,4,2,1,1,1,0,1,2,2,3
242,2,CROSS RIVER,1,19,2,1,2,1,2,2,3,1,3,2,2,19,3,3,0,1,4,1,1,2,0,0,0,1,1
243,2,CROSS RIVER,2,24,5,1,2,2,2,2,3,1,4,2,1,2,1,3,0,3,3,1,1,2,0,0,1,0,2
244,1,CROSS RIVER,2,20,5,1,1,2,2,2,3,1,1,2,2,1,1,3,0,1,4,1,1,2,0,0,1,0,1
245,2,CROSS RIVER,1,23,4,0,1,2,2,2,3,1,2,2,2,2,2,3,0,4,4,1,2,2,2,0,1,1,1
246,2,CROSS RIVER,1,20,3,1,1,2,2,2,3,1,1,1,2,4,1,3,0,3,3,1,1,2,0,1,1,0,2
247,2,CROSS RIVER,1,22,5,0,1,2,2,2,3,1,1,2,1,2,2,3,0,4,3,1,1,2,1,0,2,1,2
248,1,CROSS RIVER,2,24,5,1,1,1,2,2,3,2,1,2,2,2,2,3,0,4,3,1,1,2,0,0,1,1,2
249,1,CROSS RIVER,1,25,9,0,1,1,2,2,3,1,2,2,1,2,3,3,0,2,4,0,2,2,2,0,2,1,1
250,1,CROSS RIVER,1,24,4,0,1,2,2,2,2,1,1,1,1,3,3,3,0,4,4,1,1,2,0,0,0,1,1
251,2,CROSS RIVER,2,25,6,1,1,2,2,2,3,1,1,2,2,3,1,3,0,4,3,1,2,2,0,0,2,1,2
252,1,CROSS RIVER,1,23,5,0,1,2,2,2,3,1,1,2,2,2,3,3,0,4,4,1,2,2,2,0,1,1,1
253,2,CROSS RIVER,1,25,9,0,2,1,2,2,2,1,2,2,2,2,3,3,0,4,4,1,2,2,0,0,1,1,1
254,1,CROSS RIVER,1,24,5,1,1,1,2,2,3,1,2,2,1,1,1,3,0,1,3,1,1,2,1,0,2,1,2
255,1,CROSS RIVER,1,25,5,1,1,1,2,2,2,1,2,2,2,3,1,3,0,4,3,1,1,2,0,1,2,2,2
256,2,CROSS RIVER,1,23,6,0,1,2,2,2,3,1,2,2,2,18,3,2,0,1,3,1,2,2,2,0,2,1,2
257,2,CROSS RIVER,2,24,3,0,2,1,2,2,3,1,1,2,2,3,3,3,0,3,4,1,2,2,0,1,2,1,1
258,2,CROSS RIVER,2,24,3,0,1,1,2,2,3,1,2,2,2,4,3,3,0,3,4,1,2,2,0,0,2,0,1
259,1,CROSS RIVER,2,25,5,1,1,2,2,2,2,1,1,2,2,6,1,3,0,4,4,0,1,2,0,1,2,1,1
260,1,CROSS RIVER,1,22,4,1,1,2,2,2,3,1,2,2,2,2,2,3,0,4,3,1,1,2,0,0,0,1,2
261,2,DELTA,1,20,4,1,2,1,2,2,3,2,2,2,2,1,3,3,1,3,4,1,2,2,0,0,0,0,1
262,2,DELTA,1,22,4,0,2,2,2,2,3,2,1,2,2,19,3,3,1,1,4,1,2,2,1,0,0,1,1
263,1,DELTA,1,23,4,0,2,2,2,2,3,1,2,2,2,18,3,3,1,3,4,1,2,2,0,0,2,0,1
264,1,DELTA,1,20,5,0,2,2,2,2,3,1,2,2,2,1,3,3,1,2,4,1,2,2,1,0,0,0,1
265,2,DELTA,1,23,4,1,2,1,2,2,3,1,2,2,2,2,3,3,0,1,3,1,2,2,0,0,2,0,2
266,2,DELTA,1,24,7,0,1,1,2,2,3,1,2,2,2,1,3,3,0,4,4,1,2,1,1,0,2,1,1
267,2,DELTA,1,23,5,0,1,1,2,2,3,1,2,2,2,2,3,3,0,4,2,1,2,2,0,0,2,1,3
268,2,DELTA,1,23,8,0,2,1,2,2,3,1,3,2,2,2,3,3,0,4,4,1,2,2,1,0,2,1,1
269,2,DELTA,1,24,6,0,1,2,2,2,3,1,2,2,2,3,3,3,0,4,3,1,2,2,1,2,2,2,2
270,1,DELTA,1,21,5,1,2,1,2,2,3,1,3,2,2,2,1,3,0,3,2,1,1,2,0,0,2,1,3
271,1,DELTA,1,20,4,0,2,1,2,2,3,1,3,2,2,2,3,3,0,4,4,1,2,2,0,0,1,1,1
272,2,DELTA,1,25,4,0,1,2,2,2,3,1,2,2,2,1,3,3,0,4,4,1,1,2,0,0,2,0,1
273,1,DELTA,1,25,5,1,1,1,2,2,3,1,1,2,2,4,3,3,0,4,4,1,2,2,0,1,2,2,1
274,1,DELTA,1,25,5,0,1,1,2,2,3,1,2,2,2,2,3,3,0,4,4,1,2,2,1,0,2,1,1
275,2,DELTA,1,24,5,0,2,1,2,2,3,1,1,2,2,18,3,3,0,2,2,1,2,2,0,0,0,1,3
276,2,DELTA,1,25,5,1,1,1,2,2,3,2,1,2,2,19,3,3,0,4,3,1,2,2,2,0,2,1,2
277,1,DELTA,1,23,5,1,2,1,2,2,3,1,2,1,2,18,3,3,0,4,4,1,1,2,1,0,2,1,1
278,2,EBONYI,1,25,5,0,2,2,2,2,3,1,2,2,1,20,3,3,1,3,4,1,2,2,0,0,2,0,1
279,2,EBONYI,1,20,5,1,2,1,2,2,2,1,3,2,2,1,3,3,1,3,4,1,1,2,0,0,0,0,1
280,2,EBONYI,2,25,3,1,2,2,2,2,2,1,3,2,2,1,1,3,1,1,3,1,1,2,0,0,0,1,2
281,2,EBONYI,1,19,5,1,2,2,2,2,3,2,2,2,1,1,1,3,1,1,3,1,1,2,0,0,1,0,2
282,2,EBONYI,2,21,4,0,1,2,2,2,3,2,2,2,2,2,2,3,1,1,4,1,1,2,1,0,2,1,1
283,2,EBONYI,1,25,5,1,1,2,2,2,2,1,1,2,1,2,3,3,1,1,3,1,1,2,0,0,0,1,2
284,2,EBONYI,1,23,3,0,1,1,2,2,2,1,2,2,2,1,3,3,1,1,4,1,1,2,2,0,0,2,1
285,2,EBONYI,1,25,4,1,1,1,2,2,2,1,4,2,2,1,3,3,1,1,3,1,1,2,0,0,0,1,2
286,2,EBONYI,1,25,4,1,1,1,2,2,3,1,1,2,2,3,2,3,1,1,3,1,1,2,1,0,2,0,2
287,2,EBONYI,1,24,4,0,2,2,2,2,3,1,1,2,1,1,3,3,1,3,4,1,1,2,0,0,0,0,1
288,1,EBONYI,1,23,5,0,1,1,2,2,2,1,2,2,2,20,3,3,1,3,4,1,1,2,2,0,2,1,1
289,2,EBONYI,1,20,5,1,1,2,1,2,3,1,3,2,1,2,1,3,0,4,4,1,1,2,0,0,1,1,1
290,2,EBONYI,1,25,5,0,2,1,2,2,3,1,2,2,2,2,3,3,0,4,4,1,1,2,0,0,2,1,1
291,1,EBONYI,1,23,4,0,2,1,2,2,3,1,1,2,2,3,3,3,0,4,1,1,2,2,0,0,0,0,0
292,2,EBONYI,2,22,4,1,2,1,2,2,3,1,3,2,2,2,2,3,0,1,4,1,2,2,0,0,1,0,1
293,1,EBONYI,2,19,5,0,1,2,2,2,3,1,1,2,2,3,3,3,0,1,3,1,1,2,0,0,0,0,2
294,1,EBONYI,1,19,4,0,2,1,2,2,2,1,1,2,2,2,3,3,0,1,3,1,2,2,2,0,0,2,2
295,2,EBONYI,1,22,5,1,1,1,2,2,3,2,1,2,2,3,1,3,0,4,4,1,1,2,0,0,1,0,1
296,1,EBONYI,1,25,5,0,1,2,2,2,3,1,4,2,2,6,3,3,0,4,3,1,1,2,0,0,1,0,2
297,2,EDO,1,18,5,1,2,1,2,2,3,1,2,2,2,19,3,3,1,0,4,1,2,2,0,0,2,1,1
298,2,EDO,2,25,4,1,1,1,2,2,3,1,1,2,2,5,2,3,1,1,3,1,1,2,1,0,0,1,2
299,1,EDO,2,18,4,0,2,2,2,2,3,1,2,2,2,2,3,3,1,3,4,1,2,2,2,0,0,1,1
300,2,EDO,1,25,5,0,1,1,2,2,3,1,2,2,2,6,3,3,0,3,4,1,2,2,0,0,2,0,1
301,2,EDO,1,19,5,0,2,2,2,2,3,1,2,2,2,4,3,3,0,4,3,1,2,2,2,0,2,1,2
302,2,EDO,1,24,6,0,2,1,2,2,3,1,3,2,2,2,3,3,0,4,4,1,2,2,2,1,2,2,1
303,1,EDO,2,23,5,1,2,2,2,2,3,1,1,2,2,11,1,3,0,2,2,1,1,2,1,0,2,1,3
304,2,EDO,1,25,5,0,1,2,2,2,3,2,3,2,2,1,3,3,0,4,4,1,2,2,2,0,2,1,1
305,1,EDO,1,21,5,0,1,1,2,2,3,1,2,2,2,2,3,3,0,3,4,1,2,2,1,0,2,1,1
306,1,EDO,2,24,4,0,1,2,2,2,2,1,3,2,2,3,3,3,0,4,4,1,1,2,0,0,2,0,1
307,2,EDO,1,22,5,0,1,2,2,2,3,1,1,2,2,18,3,3,0,4,1,1,2,2,2,0,2,1,0
308,1,EDO,1,21,5,0,2,1,2,2,3,2,1,2,2,19,3,3,0,4,1,1,2,2,2,0,1,2,0
309,2,EDO,1,23,5,0,1,2,2,2,3,1,2,2,2,19,3,3,0,4,4,1,2,2,1,0,2,1,1
310,2,EDO,1,22,5,1,1,1,2,2,3,1,2,2,2,4,3,3,0,0,4,1,2,2,1,0,2,1,1
311,2,EKITI,2,25,5,1,1,1,2,2,2,1,4,2,2,2,2,3,1,1,3,1,1,2,0,0,2,1,2
312,2,EKITI,2,24,5,0,1,1,2,2,3,1,1,2,2,20,3,3,1,2,3,1,2,1,1,0,1,1,2
313,2,EKITI,2,19,5,0,1,1,2,2,3,2,3,2,2,20,3,3,0,4,4,1,1,2,0,0,2,1,1
314,2,EKITI,1,20,5,1,2,1,2,2,3,2,2,2,2,20,3,3,0,2,4,1,1,1,2,0,1,1,1
315,2,EKITI,1,23,5,1,2,1,2,2,3,1,1,2,2,1,2,3,0,4,3,1,1,2,1,0,2,1,2
316,2,EKITI,1,21,5,0,1,1,2,2,3,2,1,2,2,20,3,3,0,2,4,1,2,2,0,0,1,1,1
317,2,EKITI,1,25,5,0,1,2,2,1,2,1,3,2,2,20,3,3,0,3,2,1,2,2,0,0,0,1,3
318,2,ENUGU,1,24,5,0,1,2,1,2,3,1,1,2,2,4,3,3,0,4,4,1,2,2,2,1,0,2,1
319,1,ENUGU,1,22,5,0,1,1,2,2,2,2,1,2,2,3,3,3,0,4,4,1,2,2,2,1,1,2,1
320,1,ENUGU,1,25,5,0,1,2,2,2,3,2,1,2,2,3,2,3,0,4,4,1,1,2,1,0,1,2,1
321,2,ENUGU,1,19,5,0,2,1,2,2,2,2,1,2,2,9,3,3,0,4,4,1,2,2,0,1,2,1,1
322,2,ENUGU,2,20,5,0,1,2,2,2,3,2,1,2,2,2,3,3,0,2,4,1,2,2,0,0,0,1,1
323,2,ENUGU,1,25,5,0,1,2,2,2,2,2,1,2,2,5,3,3,0,4,4,1,2,2,0,1,1,1,1
324,2,ENUGU,1,22,5,0,1,1,2,2,3,2,1,2,2,3,3,3,0,4,3,1,1,1,0,0,2,1,2
325,2,FCT,1,25,3,0,2,2,2,2,3,1,2,2,2,3,3,3,1,1,4,1,2,2,2,0,1,2,1
326,2,FCT,1,20,11,0,2,2,2,2,3,1,3,2,2,2,3,3,1,3,4,1,2,2,0,0,0,0,1
327,1,FCT,1,22,5,0,1,1,2,2,1,1,1,2,2,5,3,3,0,1,4,1,2,2,1,0,2,1,1
328,2,FCT,1,18,5,0,1,1,2,2,3,1,1,1,2,3,3,3,0,2,2,1,2,2,1,1,1,2,3
329,2,FCT,1,25,5,1,2,2,2,2,2,2,2,2,2,2,3,3,0,3,3,1,2,2,1,1,1,1,2
330,2,FCT,1,20,5,0,1,1,2,2,3,2,2,2,2,2,3,3,0,4,4,1,1,2,1,1,2,1,1
331,2,FCT,1,23,6,0,1,1,2,2,3,1,3,2,2,4,3,3,0,4,4,1,2,2,0,0,2,0,1
332,2,FCT,1,21,5,0,2,1,2,2,3,1,2,2,2,2,3,3,0,4,4,1,2,2,0,0,2,1,1
333,1,FCT,1,24,5,0,1,1,2,2,3,1,2,2,2,2,3,3,0,4,4,1,2,2,0,0,2,1,1
334,2,FCT,1,21,6,0,1,1,2,2,2,1,2,2,2,5,3,3,0,4,1,1,2,2,0,0,2,1,0
335,1,FCT,1,21,5,1,2,1,2,2,2,1,1,2,2,3,1,3,0,4,4,1,1,2,1,0,2,2,1
336,1,FCT,1,22,5,0,2,2,2,2,2,1,1,2,2,2,3,3,0,4,4,1,2,2,2,0,2,2,1
337,2,FCT,1,25,7,0,1,2,2,2,3,1,2,2,2,3,3,3,0,4,4,1,2,2,0,0,2,1,1
338,2,FCT,1,19,5,0,2,2,2,2,3,1,2,2,2,1,3,3,0,4,4,1,2,2,1,0,0,1,1
339,1,FCT,1,23,5,0,2,1,2,2,3,1,2,2,2,16,3,3,0,4,4,1,1,1,0,1,1,1,1
340,2,FCT,1,20,5,0,1,1,2,2,3,2,1,2,2,2,3,3,0,4,1,1,1,2,1,1,2,1,0
341,1,FCT,1,25,6,0,1,1,2,2,3,1,2,2,2,2,3,3,0,4,1,1,2,2,0,0,2,1,0
342,1,FCT,1,20,4,0,2,2,2,2,3,1,1,2,2,2,3,3,0,3,4,1,2,2,2,1,1,2,1
343,1,FCT,1,23,5,0,2,1,2,1,3,1,2,2,2,2,3,3,0,4,4,1,2,2,0,0,2,1,1
344,1,FCT,1,23,6,0,1,1,2,2,2,2,2,2,2,3,3,3,0,4,1,1,2,2,1,1,2,2,0
345,1,FCT,1,24,4,0,1,1,2,2,2,1,2,2,2,11,3,3,0,4,4,1,1,2,0,2,2,1,1
346,2,FCT,1,22,5,0,2,1,2,2,3,1,2,2,2,2,3,3,0,4,4,1,2,2,0,0,2,1,1
347,2,GOMBE,2,20,11,0,2,2,2,2,3,2,1,2,1,1,3,3,1,3,4,1,2,2,2,0,1,1,1
348,2,GOMBE,2,25,11,1,2,2,2,2,3,1,2,2,2,1,3,3,1,3,4,1,2,2,0,0,0,0,1
349,1,GOMBE,2,21,5,0,1,2,2,2,2,2,1,2,2,1,3,3,1,3,4,1,2,2,0,1,0,1,1
350,2,GOMBE,2,22,5,1,1,2,2,2,2,1,1,2,2,3,3,3,1,0,4,1,1,2,2,0,2,2,1
351,1,GOMBE,2,24,4,1,2,2,2,2,2,1,1,2,2,2,1,3,1,0,4,1,1,2,0,0,2,0,1
352,1,GOMBE,2,22,10,1,2,2,2,2,2,1,1,2,2,1,1,3,1,3,4,1,1,2,0,0,1,0,1
353,2,GOMBE,2,24,2,1,2,2,2,2,2,2,2,2,2,19,1,3,1,0,4,1,1,2,0,0,1,0,1
354,2,GOMBE,2,25,10,0,1,2,2,2,2,1,1,1,2,1,3,3,1,0,4,1,2,2,2,0,0,2,1
355,1,GOMBE,2,25,4,1,1,2,2,2,2,1,3,2,2,3,1,3,1,3,4,1,1,2,0,0,0,0,1
356,2,GOMBE,1,18,1,0,1,2,2,2,2,2,1,1,2,1,3,3,1,3,4,1,2,2,2,0,0,2,1
357,2,GOMBE,2,20,3,0,2,1,2,2,2,1,2,1,2,2,1,3,1,0,4,1,2,2,2,0,0,2,1
358,2,GOMBE,2,18,11,1,2,2,2,2,2,1,4,2,2,1,3,3,1,3,4,1,2,2,0,0,0,1,1
359,1,GOMBE,1,18,4,1,1,2,2,2,3,1,2,2,2,2,3,3,1,3,4,1,2,2,0,0,0,0,1
360,1,GOMBE,1,25,10,1,2,2,2,1,1,1,3,2,2,2,1,3,1,0,4,1,1,2,1,0,2,1,1
361,1,GOMBE,2,25,11,1,1,2,2,2,2,1,2,2,2,19,1,3,1,0,4,1,1,2,0,0,0,0,1
362,2,GOMBE,1,25,11,0,1,1,2,2,3,1,2,2,2,2,3,3,1,3,4,1,2,2,0,0,0,0,1
363,2,GOMBE,2,25,4,0,2,1,2,2,2,1,1,2,2,2,2,3,1,3,4,1,1,2,0,0,0,0,1
364,2,GOMBE,2,24,11,1,2,2,2,2,2,2,1,2,2,2,3,3,1,0,4,1,1,2,0,0,0,0,1
365,1,GOMBE,2,20,5,1,1,1,2,2,2,1,1,2,2,4,1,3,1,3,4,1,1,2,1,0,0,0,1
366,1,GOMBE,2,24,5,1,2,1,2,2,2,1,1,2,1,1,2,3,1,0,4,1,1,2,0,0,2,1,1
367,2,GOMBE,2,20,11,1,2,1,2,1,3,1,2,2,2,3,3,3,1,3,4,1,2,2,0,0,0,1,1
368,1,GOMBE,2,22,11,1,1,2,2,2,1,1,1,2,2,5,1,1,1,0,4,1,1,2,2,1,0,2,1
369,2,GOMBE,2,20,1,1,2,1,2,2,2,1,1,2,2,2,1,3,1,1,3,1,1,2,0,0,0,0,2
370,2,GOMBE,1,20,2,0,2,2,2,2,2,1,1,1,1,1,1,3,1,0,4,1,1,2,1,0,2,1,1
371,2,GOMBE,2,25,11,1,1,2,2,2,3,1,2,2,2,2,3,3,1,1,4,1,1,2,1,0,0,1,1
372,2,GOMBE,1,20,11,0,2,2,2,2,3,1,2,2,2,1,3,3,1,3,3,1,1,2,0,0,1,0,2
373,2,GOMBE,2,23,5,1,1,1,2,2,2,1,2,2,2,1,1,3,1,1,4,1,1,2,1,0,1,1,1
374,2,GOMBE,2,18,11,1,2,2,2,2,3,1,2,2,2,1,3,3,1,1,4,1,2,2,0,0,0,0,1
375,2,GOMBE,1,20,11,0,1,2,2,2,2,1,3,2,2,1,1,3,1,1,3,1,1,2,2,0,0,1,2
376,1,GOMBE,2,25,10,1,2,2,2,2,2,1,2,2,2,1,1,3,1,3,4,1,1,2,0,0,2,0,1
377,2,GOMBE,2,22,10,1,2,1,2,2,2,1,3,2,2,1,1,3,1,1,4,1,1,2,0,0,1,1,1
378,2,GOMBE,2,25,4,1,1,2,2,2,3,1,2,2,2,1,3,3,1,1,4,1,2,2,1,0,0,1,1
379,1,GOMBE,2,19,3,1,1,2,2,2,2,1,4,2,2,3,1,3,1,1,3,1,1,2,0,0,1,0,2
380,1,GOMBE,2,18,3,1,2,1,2,2,2,1,1,2,2,1,2,3,1,1,4,1,1,2,0,0,1,0,1
381,1,GOMBE,2,25,4,1,1,2,2,2,2,1,1,2,2,4,1,3,1,1,4,1,1,2,2,0,1,1,1
382,1,GOMBE,2,22,3,0,2,1,2,2,2,1,1,2,2,2,3,3,1,0,4,1,1,2,0,0,2,1,1
383,1,GOMBE,2,25,11,1,1,2,2,2,2,1,2,1,2,5,3,3,1,1,3,1,1,2,2,0,0,2,2
384,1,GOMBE,2,21,10,1,1,2,2,2,2,1,1,2,2,2,1,3,1,1,4,1,1,2,1,0,2,1,1
385,2,GOMBE,1,18,10,0,2,2,2,2,3,1,1,2,2,1,3,3,1,2,4,1,1,1,1,0,2,1,1
386,2,GOMBE,1,22,5,1,2,2,2,2,2,1,1,2,2,2,3,3,1,3,4,1,1,2,0,0,2,0,1
387,2,GOMBE,2,25,5,0,1,1,2,2,2,1,1,2,2,1,1,3,1,2,4,1,1,1,2,1,2,2,1
388,1,GOMBE,2,23,5,1,1,1,2,2,1,1,1,2,2,3,3,3,1,3,4,1,1,2,0,0,0,1,1
389,2,GOMBE,2,23,5,1,2,1,2,2,2,1,1,2,2,1,1,3,0,3,4,1,1,2,0,0,2,1,1
390,2,GOMBE,1,25,4,1,1,1,2,2,2,1,1,2,2,1,1,3,0,1,4,1,1,2,0,0,0,0,1
391,2,GOMBE,2,25,11,1,1,2,2,2,2,1,1,2,2,3,2,3,0,3,4,1,1,2,0,0,0,0,1
392,2,GOMBE,2,25,3,0,1,2,2,2,2,1,2,2,2,2,3,3,0,3,4,1,1,2,2,0,0,1,1
393,1,GOMBE,2,24,5,1,1,2,2,2,2,1,3,1,2,2,3,3,0,3,4,1,2,2,2,0,2,2,1
394,2,GOMBE,1,23,5,0,1,1,2,2,1,2,1,2,2,1,3,3,0,4,2,1,1,1,0,0,2,1,3
395,1,GOMBE,2,25,4,1,1,2,2,2,2,1,1,2,2,3,1,3,0,4,3,1,1,2,2,0,2,1,2
396,1,GOMBE,1,25,5,0,1,1,2,2,2,1,2,2,2,1,3,3,0,4,4,1,1,2,0,0,2,0,1
397,1,GOMBE,1,20,5,0,1,2,2,1,2,1,2,1,2,4,1,3,0,4,4,1,1,2,2,0,2,2,1
398,2,GOMBE,2,23,4,1,1,1,2,2,2,1,1,2,2,1,1,3,0,3,4,1,1,2,0,0,0,0,1
399,2,GOMBE,1,18,5,0,1,2,2,2,2,1,1,1,2,1,3,3,0,4,4,1,2,2,2,0,2,2,1
400,2,GOMBE,2,25,11,1,1,1,2,2,3,2,1,2,2,1,3,3,0,1,4,1,2,2,0,1,0,1,1
401,1,GOMBE,2,24,5,0,1,2,2,2,2,1,1,2,2,7,1,3,0,4,4,1,1,2,0,0,2,1,1
402,2,GOMBE,2,21,1,1,1,2,2,2,2,2,1,2,2,2,2,1,0,4,4,1,1,1,0,0,2,1,1
403,2,GOMBE,2,18,4,1,2,1,2,2,3,1,2,2,2,1,3,3,0,0,4,1,2,2,0,0,1,0,1
404,1,GOMBE,1,19,11,0,2,1,2,2,3,1,2,2,2,2,3,3,0,3,4,1,2,2,0,0,0,0,1
405,1,GOMBE,2,22,5,1,1,2,2,2,2,1,2,2,2,2,1,3,0,4,4,1,1,2,0,1,1,1,1
406,1,GOMBE,2,23,2,1,2,1,2,2,3,1,2,2,2,2,1,3,0,3,4,1,2,2,2,0,0,1,1
407,1,GOMBE,1,18,4,0,2,1,2,2,3,1,1,2,2,2,3,3,0,3,4,1,1,2,0,1,0,0,1
408,2,GOMBE,1,25,4,0,1,2,2,2,2,1,1,2,2,1,1,3,0,4,4,1,1,1,0,0,1,1,1
409,1,GOMBE,2,21,7,0,1,2,2,2,3,1,2,2,2,1,3,3,0,4,4,1,2,2,1,0,2,1,1
410,2,GOMBE,2,18,4,1,2,1,2,2,2,1,1,2,2,1,1,3,0,0,4,1,1,2,0,0,2,0,1
411,1,GOMBE,2,24,5,0,1,1,2,2,2,1,1,2,2,2,1,3,0,4,4,1,1,2,1,1,2,1,1
412,2,GOMBE,2,20,5,0,2,2,2,2,3,1,2,2,2,1,3,3,0,1,3,1,2,2,0,0,2,0,2
413,1,IMO,1,25,3,1,2,2,2,2,1,1,1,2,2,3,1,3,1,0,4,1,1,2,0,0,0,0,1
414,2,IMO,1,25,5,0,1,1,2,2,2,1,1,2,2,1,3,3,1,3,4,1,2,2,1,1,2,1,1
415,1,IMO,1,25,5,0,1,2,2,2,2,1,1,2,2,18,3,3,1,0,4,1,2,2,0,0,1,1,1
416,1,IMO,1,19,5,1,1,1,2,2,3,1,2,2,2,4,2,3,0,4,4,1,1,2,1,0,2,1,1
417,1,IMO,1,25,4,1,1,1,2,2,1,2,1,2,2,2,1,3,0,4,3,1,1,2,0,0,1,1,2
418,1,IMO,1,25,5,0,1,1,2,2,3,1,2,2,2,18,3,1,0,4,4,1,2,2,0,0,2,1,1
419,1,IMO,1,25,5,0,1,1,2,2,3,1,1,2,2,2,3,3,0,4,4,1,2,2,0,0,2,1,1
420,1,IMO,1,20,4,0,2,2,2,2,3,1,1,2,2,2,3,3,0,4,4,1,2,2,0,0,2,1,1
421,2,IMO,1,22,4,1,1,1,2,2,2,1,2,2,2,20,3,3,0,4,4,1,2,2,0,0,1,0,1
422,2,IMO,1,22,5,0,1,2,2,2,3,2,1,2,2,18,3,3,0,4,3,1,2,2,1,2,1,1,2
423,2,JIGAWA,2,20,11,0,2,1,2,2,3,1,2,2,2,3,3,3,1,0,4,1,2,2,0,0,2,0,1
424,2,JIGAWA,2,25,11,1,1,2,2,2,3,1,2,2,2,3,1,3,1,3,4,1,1,2,0,1,0,1,1
425,2,JIGAWA,2,21,5,0,2,1,2,2,2,1,1,2,2,1,3,3,1,0,4,1,1,2,1,0,0,1,1
426,2,JIGAWA,2,25,11,0,1,2,2,2,2,1,1,2,2,2,3,3,1,3,4,1,2,2,0,0,0,0,1
427,1,JIGAWA,2,25,10,1,2,2,2,2,2,1,2,2,2,2,2,3,1,0,4,1,1,2,1,0,2,1,1
428,1,JIGAWA,2,25,3,1,1,2,2,2,3,2,2,2,2,17,2,1,1,3,4,1,2,2,0,0,0,0,1
429,1,JIGAWA,2,20,10,1,1,2,2,2,2,1,2,2,2,1,1,3,1,0,4,1,1,2,0,0,1,1,1
430,2,JIGAWA,2,25,11,0,1,2,2,2,2,1,2,2,2,3,1,3,1,3,4,1,1,2,1,0,0,1,1
431,2,JIGAWA,2,25,5,1,1,2,2,2,3,2,2,2,2,1,3,3,1,3,4,1,2,2,0,0,0,0,1
432,2,JIGAWA,2,25,11,0,1,2,2,2,3,1,2,2,2,2,3,3,1,3,4,1,2,2,0,0,0,0,1
433,2,JIGAWA,2,23,5,0,1,1,2,2,2,1,1,2,2,1,3,3,1,3,4,1,1,2,0,0,0,0,1
434,1,JIGAWA,2,20,2,1,2,2,2,2,3,1,1,2,2,1,2,3,1,3,4,1,2,2,2,0,2,1,1
435,2,JIGAWA,2,25,5,1,1,2,2,2,2,1,2,2,2,2,3,3,1,0,4,1,1,2,0,0,0,1,1
436,2,JIGAWA,2,25,10,0,2,2,2,2,3,2,2,2,2,19,3,3,1,3,4,1,2,2,0,0,0,0,1
437,2,JIGAWA,2,25,11,1,1,2,2,2,2,1,2,2,2,1,3,3,1,3,4,1,1,2,1,0,0,1,1
438,2,JIGAWA,2,22,10,0,1,2,2,2,2,1,1,2,2,1,1,3,1,3,4,1,1,2,0,0,0,0,1
439,2,JIGAWA,2,20,11,0,2,2,2,2,1,1,2,2,1,1,2,3,1,3,4,1,1,2,0,0,2,0,1
440,2,JIGAWA,2,23,10,0,2,2,2,2,1,2,3,2,2,1,3,3,1,0,4,1,1,2,2,0,2,2,1
441,2,JIGAWA,2,20,2,0,1,1,2,2,2,1,2,2,2,1,3,3,1,0,4,1,1,2,0,0,0,1,1
442,1,JIGAWA,2,25,11,1,2,2,2,2,3,1,2,2,2,2,1,3,1,3,4,1,2,2,0,0,0,0,1
443,2,JIGAWA,2,25,10,0,1,2,2,2,2,1,2,2,2,2,2,3,1,0,4,1,1,2,0,0,1,0,1
444,2,JIGAWA,1,25,4,0,2,2,2,2,3,1,2,2,2,3,3,3,1,3,4,1,1,2,0,0,0,0,1
445,2,JIGAWA,2,20,11,0,2,1,2,2,3,2,1,2,2,1,3,3,1,0,4,1,2,2,0,0,0,1,1
446,2,JIGAWA,2,25,10,0,1,1,2,2,3,2,2,2,2,3,3,3,1,3,4,1,2,2,0,1,0,1,1
447,1,JIGAWA,2,25,3,1,2,1,2,2,3,2,2,2,2,2,1,3,1,3,4,1,1,2,0,0,0,0,1
448,2,JIGAWA,2,22,5,1,2,2,2,2,3,1,1,2,2,1,3,3,1,3,4,1,2,2,0,0,0,0,1
449,1,JIGAWA,2,25,3,0,1,2,2,2,2,1,1,2,2,3,1,3,1,0,4,1,1,2,1,0,0,1,1
450,1,JIGAWA,2,23,11,0,2,2,2,2,2,1,2,2,2,18,1,3,1,3,4,1,1,2,0,0,1,1,1
451,1,JIGAWA,2,22,3,1,1,2,2,2,3,1,1,2,2,1,1,3,1,2,4,1,1,1,0,0,0,1,1
452,2,JIGAWA,2,25,2,1,1,1,2,2,3,1,1,2,2,2,3,3,1,2,3,0,1,1,2,0,1,1,2
453,1,JIGAWA,1,20,3,1,1,1,2,2,2,1,2,2,2,1,1,3,1,3,4,0,1,2,0,0,2,1,1
454,1,JIGAWA,2,25,11,1,2,1,2,2,3,2,2,2,2,1,1,3,1,3,4,1,1,2,0,0,2,0,1
455,2,JIGAWA,2,20,5,1,2,1,2,2,3,1,2,2,2,1,3,3,1,0,4,1,2,2,1,0,0,1,1
456,2,JIGAWA,2,21,2,0,1,1,2,2,2,1,2,2,1,1,3,3,1,0,4,1,1,2,0,0,1,0,1
457,1,JIGAWA,2,25,11,1,1,1,1,2,3,1,2,2,2,2,3,3,1,3,4,1,2,2,0,0,2,0,1
458,2,JIGAWA,2,20,10,1,2,2,2,2,3,1,2,2,2,1,3,3,1,0,4,1,1,2,1,1,2,2,1
459,2,JIGAWA,2,25,10,0,1,2,2,2,2,2,2,2,2,1,3,3,1,0,4,1,1,2,2,0,2,2,1
460,2,JIGAWA,2,25,11,0,2,1,2,2,3,1,2,2,2,2,3,3,1,3,4,1,2,2,2,0,2,1,1
461,2,JIGAWA,2,20,4,0,2,2,2,2,1,1,1,2,2,2,3,3,1,0,4,1,2,2,0,0,2,1,1
462,1,JIGAWA,2,22,2,1,2,2,2,2,2,2,1,2,2,1,2,2,1,0,4,1,1,2,2,0,1,2,1
463,2,JIGAWA,2,24,10,1,1,1,2,2,2,1,4,2,2,1,2,3,1,0,4,1,1,2,0,0,2,1,1
464,1,JIGAWA,2,24,3,1,2,2,2,2,3,1,2,2,2,2,3,3,1,3,4,1,2,2,0,0,2,0,1
465,2,JIGAWA,2,25,11,0,2,2,2,2,3,1,2,2,2,1,3,3,0,3,4,1,2,2,0,0,0,0,1
466,2,JIGAWA,2,25,10,0,1,1,2,2,1,1,1,2,1,2,3,3,0,1,4,1,2,2,1,0,2,1,1
467,2,JIGAWA,2,25,11,0,1,2,2,2,3,1,2,2,2,3,3,3,0,3,4,1,2,2,0,0,0,0,1
468,2,JIGAWA,2,18,4,1,1,2,2,2,3,1,2,2,2,1,3,3,0,4,4,0,2,2,0,0,1,1,1
469,1,JIGAWA,1,25,5,0,2,1,2,2,1,1,1,2,2,1,3,3,0,0,4,1,1,2,1,0,2,2,1
470,2,JIGAWA,2,23,10,0,1,2,2,2,3,1,1,2,1,2,3,3,0,0,4,1,2,2,0,0,1,0,1
471,2,JIGAWA,2,22,3,1,1,1,2,2,3,1,2,2,1,2,3,3,0,3,4,1,1,2,0,0,0,0,1
472,1,JIGAWA,2,25,10,1,1,2,2,2,2,1,2,2,2,3,1,3,0,4,4,1,1,2,0,0,2,0,1
473,2,JIGAWA,2,25,3,1,1,2,2,2,3,1,2,2,2,5,3,3,0,3,4,1,2,2,0,0,1,0,1
474,1,JIGAWA,2,23,10,1,1,1,2,2,1,1,3,2,1,4,1,3,0,0,4,1,1,2,0,0,2,1,1
475,2,JIGAWA,1,20,5,0,1,2,2,2,3,1,2,2,2,3,3,3,0,3,4,1,2,2,0,0,0,0,1
476,1,JIGAWA,1,18,4,1,1,1,2,2,3,1,2,1,2,20,1,3,0,4,4,0,2,2,2,0,1,2,1
477,1,JIGAWA,1,22,3,0,1,2,2,2,2,1,2,2,2,6,1,3,0,2,4,1,1,2,0,1,1,1,1
478,2,JIGAWA,2,20,10,1,2,2,2,2,2,1,2,2,2,1,3,3,0,3,4,1,1,2,0,0,2,1,1
479,1,JIGAWA,2,20,6,0,1,2,2,2,2,1,1,2,1,6,3,3,0,1,4,1,1,2,1,1,2,1,1
480,2,JIGAWA,1,25,7,0,1,1,2,2,3,1,2,2,2,2,3,3,0,2,4,1,2,1,0,0,2,0,1
481,2,JIGAWA,2,18,3,1,2,1,2,2,1,1,1,2,1,5,3,3,0,1,4,1,1,2,1,1,2,2,1
482,2,JIGAWA,2,23,10,1,2,2,2,2,3,1,2,2,2,2,3,3,0,0,4,1,2,2,0,0,0,1,1
483,1,JIGAWA,2,25,3,1,1,2,2,2,3,1,2,2,2,2,1,3,0,4,4,1,1,2,1,0,0,1,1
484,1,JIGAWA,2,25,10,1,1,1,2,2,1,1,1,2,2,3,1,3,0,0,4,1,1,2,2,1,0,2,1
485,1,JIGAWA,1,24,6,0,1,2,2,2,2,1,2,2,2,4,1,3,0,4,4,1,1,2,0,0,2,0,1
486,1,JIGAWA,2,22,5,1,1,1,2,2,3,1,2,2,2,11,1,3,0,3,4,1,1,2,0,0,1,1,1
487,1,KADUNA,2,20,10,0,2,2,2,2,3,1,2,2,2,3,3,3,1,3,4,1,2,2,0,0,0,0,1
488,2,KADUNA,2,19,4,0,2,2,2,2,3,1,2,2,2,2,3,3,1,3,4,1,2,2,2,0,0,0,1
489,2,KADUNA,2,25,10,0,2,2,2,2,3,1,4,2,2,3,2,3,1,3,4,1,1,2,0,0,0,0,1
490,2,KADUNA,2,25,11,1,2,2,2,2,3,2,1,2,2,20,3,3,1,3,4,1,2,2,0,0,0,0,1
491,2,KADUNA,2,25,2,0,2,2,2,2,3,1,1,2,2,1,2,2,1,0,4,1,1,2,2,0,0,1,1
492,2,KADUNA,2,20,5,0,2,2,2,2,2,1,1,2,2,2,2,3,1,3,4,1,2,2,2,0,0,1,1
493,2,KADUNA,1,20,10,0,1,1,2,2,3,1,1,2,2,1,3,3,1,3,4,1,1,2,1,0,0,1,1
494,2,KADUNA,2,20,10,1,2,2,2,2,3,1,2,2,2,1,3,3,1,3,4,1,1,2,0,0,0,0,1
495,1,KADUNA,2,24,3,1,1,2,2,2,3,1,2,2,2,1,1,3,1,3,4,1,1,2,0,0,0,0,1
496,1,KADUNA,1,18,4,0,1,2,2,2,3,1,2,2,2,2,3,3,1,3,4,1,2,2,0,0,0,0,1
497,2,KADUNA,2,20,10,0,1,2,2,2,2,1,2,2,2,1,2,3,1,0,4,1,1,2,2,0,0,1,1
498,2,KADUNA,2,22,5,1,2,2,2,2,3,1,2,2,2,1,1,3,1,3,4,1,1,2,0,0,0,0,1
499,2,KADUNA,1,25,3,1,1,1,2,2,1,2,1,2,2,18,1,3,1,1,4,1,1,2,1,0,1,1,1
500,2,KADUNA,1,25,4,0,1,2,2,2,3,1,2,2,2,20,3,3,1,3,4,1,2,2,0,0,0,0,1
501,1,KADUNA,2,18,4,1,2,2,2,2,3,1,1,2,1,19,3,3,1,3,4,1,2,2,0,0,0,0,1
502,2,KADUNA,1,20,3,0,2,2,2,2,2,1,2,2,1,5,2,3,1,3,4,1,2,2,0,0,0,0,1
503,2,KADUNA,1,25,10,0,1,2,2,2,3,1,3,2,2,19,3,3,1,3,4,1,2,2,0,0,0,0,1
504,2,KADUNA,2,25,5,1,2,1,2,2,3,1,1,2,1,18,1,3,1,1,4,1,1,2,0,0,0,0,1
505,2,KADUNA,2,20,6,0,1,1,2,2,3,1,1,2,2,2,3,3,1,3,4,1,2,2,1,0,2,2,1
506,1,KADUNA,2,20,5,0,2,2,2,2,2,1,1,2,2,3,1,3,1,2,4,1,1,1,0,0,0,0,1
507,2,KADUNA,2,20,3,1,2,1,2,2,3,1,1,2,2,18,2,3,1,3,4,1,1,2,0,0,1,0,1
508,1,KADUNA,2,25,10,0,1,2,2,2,3,2,1,2,2,8,1,3,1,0,4,1,1,2,0,1,0,1,1
509,2,KADUNA,1,21,5,0,1,1,2,2,3,2,1,2,2,1,3,3,1,3,4,1,2,2,0,0,0,0,1
510,2,KADUNA,1,25,7,0,1,2,2,2,3,1,1,2,2,20,3,3,1,3,4,1,2,2,0,0,1,0,1
511,2,KADUNA,2,20,5,0,2,1,2,2,3,2,1,2,2,1,3,3,1,1,3,1,1,2,0,0,0,1,2
512,2,KADUNA,2,24,5,1,2,2,2,2,3,2,2,2,2,2,3,3,1,3,4,1,1,2,0,0,0,0,1
513,1,KADUNA,1,22,5,0,1,1,2,2,2,1,2,2,2,2,3,3,0,4,4,1,1,1,2,1,2,2,1
514,1,KADUNA,1,23,6,1,2,1,2,2,2,1,2,1,1,3,3,3,0,4,4,1,1,1,0,0,2,1,1
515,1,KADUNA,2,25,5,1,1,2,2,2,2,1,1,2,2,2,1,3,0,0,4,1,1,2,0,0,2,1,1
516,2,KADUNA,2,23,4,0,2,2,2,2,3,1,2,2,2,2,2,3,0,3,4,1,1,2,0,0,0,0,1
517,1,KADUNA,2,25,5,0,1,2,2,2,2,1,2,2,2,2,3,3,0,4,4,1,1,2,2,2,2,2,1
518,2,KADUNA,2,21,4,1,2,2,2,2,2,2,1,1,1,1,1,3,0,1,4,1,1,2,0,1,2,2,1
519,1,KADUNA,1,22,5,0,2,2,2,2,2,1,2,2,2,1,2,3,0,4,4,1,1,2,2,0,1,1,1
520,1,KADUNA,1,22,5,0,1,2,2,2,3,2,4,2,2,2,3,3,0,4,3,1,2,2,2,0,2,1,2
521,1,KADUNA,2,22,5,1,1,1,2,2,1,2,2,2,1,18,3,3,0,4,4,1,1,2,2,0,2,2,1
522,1,KADUNA,2,25,5,1,1,2,2,2,1,1,1,2,2,3,1,1,0,4,4,1,1,2,1,0,2,2,1
523,1,KADUNA,1,25,4,0,2,1,2,2,3,1,2,1,2,2,3,3,0,0,4,1,2,2,0,0,2,0,1
524,2,KADUNA,2,19,5,1,2,2,2,2,1,1,1,2,1,19,1,3,0,3,4,1,1,1,2,0,0,1,1
525,1,KADUNA,2,18,5,0,2,2,2,2,3,1,1,2,1,19,1,3,0,3,4,1,1,2,0,0,2,1,1
526,2,KADUNA,1,25,5,0,1,2,2,2,3,1,2,2,2,1,3,3,0,1,4,1,2,2,0,0,0,0,1
527,1,KADUNA,1,18,4,0,1,1,2,2,3,1,2,2,2,2,3,3,0,3,4,1,2,2,0,0,0,1,1
528,1,KADUNA,1,20,5,0,2,1,2,2,1,1,1,2,2,19,3,2,0,4,1,1,2,1,1,0,2,1,0
529,2,KADUNA,2,25,11,1,1,1,2,2,2,1,2,2,1,2,2,3,0,0,4,1,1,2,2,0,0,1,1
530,2,KADUNA,1,25,6,0,2,2,2,2,3,1,1,2,2,3,3,3,0,4,4,0,2,2,2,0,1,2,1
531,2,KADUNA,2,21,5,0,2,2,1,1,2,1,1,2,2,1,2,3,0,4,4,1,2,2,1,0,2,1,1
532,2,KADUNA,1,24,6,0,1,2,2,2,2,1,3,2,2,2,3,3,0,3,4,1,2,2,1,0,2,1,1
533,1,KADUNA,1,20,6,0,1,1,2,2,3,1,2,2,1,6,1,3,0,4,4,1,1,1,0,2,2,1,1
534,1,KADUNA,2,19,4,1,2,2,2,2,1,1,1,2,1,19,1,3,0,3,4,1,1,2,0,0,0,1,1
535,2,KANO,2,25,10,1,2,2,2,2,3,1,2,2,2,1,3,3,1,3,4,1,2,2,0,0,2,0,1
536,1,KANO,2,20,11,1,2,2,2,2,2,1,1,2,2,1,3,3,1,3,4,1,1,2,2,0,0,1,1
537,2,KANO,2,25,3,0,2,2,2,2,3,1,1,2,2,1,3,3,1,3,4,1,1,2,1,0,0,0,1
538,1,KANO,2,23,10,1,1,2,2,2,3,1,1,2,2,2,1,3,1,3,4,1,1,2,0,0,2,0,1
539,2,KANO,2,20,4,0,2,2,2,2,3,1,1,2,2,2,3,3,1,0,4,1,2,2,0,0,0,0,1
540,1,KANO,2,20,5,1,1,2,2,2,3,1,1,2,2,3,3,3,1,0,4,1,2,2,1,0,2,1,1
541,2,KANO,2,20,10,0,2,2,2,2,3,1,3,2,2,1,3,3,1,3,4,1,1,2,0,0,0,0,1
542,2,KANO,2,25,4,0,1,2,2,2,2,1,2,2,2,3,2,3,1,1,4,1,1,2,1,1,1,1,1
543,2,KANO,2,22,2,0,1,2,2,2,2,2,1,2,2,2,2,3,1,3,3,1,1,2,1,0,0,1,2
544,1,KANO,2,25,11,1,2,1,2,2,2,1,2,2,2,3,1,3,1,3,4,1,1,2,0,0,2,1,1
545,1,KANO,1,18,5,1,1,1,2,2,2,1,1,2,2,2,3,3,1,1,4,1,1,2,0,1,2,1,1
546,1,KANO,1,23,5,0,1,1,2,2,3,1,1,2,2,2,3,3,0,3,3,1,1,2,0,0,2,0,2
547,2,KANO,1,24,5,0,1,2,2,2,3,1,1,2,2,1,3,3,0,3,4,1,2,2,0,0,2,1,1
548,2,KANO,1,22,4,0,2,1,2,2,3,2,2,2,2,8,3,3,0,0,4,1,1,2,1,0,2,1,1
549,1,KANO,1,22,5,0,1,1,2,2,3,1,2,2,2,6,3,3,0,4,4,1,2,2,2,0,2,1,1
550,1,KANO,2,25,3,1,1,2,2,2,3,2,1,2,2,3,1,3,0,0,4,1,1,2,2,0,0,1,1
551,1,KANO,2,25,3,1,1,2,2,2,2,1,1,2,2,3,1,3,0,4,4,1,1,2,1,0,0,2,1
552,2,KANO,1,22,5,0,1,2,2,2,3,1,2,2,2,2,3,3,0,4,4,1,1,2,0,0,2,1,1
553,1,KANO,2,22,5,1,1,2,2,2,2,1,2,2,1,4,1,1,0,4,4,1,1,2,1,0,2,1,1
554,1,KANO,2,18,3,0,1,1,2,2,2,2,1,2,2,1,3,3,0,3,4,1,2,2,2,0,0,1,1
555,2,KANO,1,18,4,0,2,1,2,2,3,1,1,2,2,2,3,3,0,3,4,1,2,2,0,0,0,1,1
556,2,KATSINA,2,18,4,0,1,2,2,2,1,1,1,2,2,1,3,3,1,3,4,1,1,2,2,0,2,2,1
557,1,KATSINA,2,20,10,0,2,2,2,2,2,1,2,2,1,19,2,3,1,0,4,1,1,2,0,1,1,1,1
558,1,KATSINA,1,23,5,0,1,2,2,2,3,2,1,2,2,2,3,3,1,3,4,1,2,2,1,0,1,1,1
559,1,KATSINA,2,25,10,0,2,1,2,2,3,1,2,2,2,2,1,3,1,3,4,1,1,2,0,0,0,0,1
560,1,KATSINA,2,25,5,1,1,1,2,2,2,1,1,2,2,2,3,3,1,0,4,1,1,2,0,0,2,1,1
561,2,KATSINA,2,24,5,0,1,1,2,2,3,1,1,2,2,19,3,3,1,3,4,1,1,2,0,0,2,0,1
562,2,KATSINA,2,22,2,0,2,2,2,2,2,1,1,2,1,1,3,3,1,0,4,1,1,2,0,0,1,1,1
563,2,KATSINA,2,22,3,0,1,2,2,2,3,1,1,2,2,1,3,3,1,3,4,1,1,2,0,0,2,0,1
564,2,KATSINA,2,20,10,0,1,2,2,2,1,1,1,2,2,1,3,3,1,0,4,1,1,2,0,0,2,1,1
565,1,KATSINA,2,18,3,1,2,2,2,2,1,2,1,2,2,1,3,3,1,3,4,1,1,2,1,0,2,2,1
566,2,KATSINA,2,20,4,1,1,2,2,2,2,1,1,2,2,2,1,3,1,3,4,1,1,2,0,0,2,1,1
567,2,KATSINA,1,25,10,0,2,1,2,2,1,1,2,2,2,1,3,3,1,3,4,1,1,2,2,0,2,1,1
568,2,KATSINA,2,25,5,0,1,1,2,2,3,1,1,2,2,20,3,3,1,3,4,1,1,2,0,0,2,0,1
569,2,KATSINA,2,25,10,0,1,2,2,2,2,1,1,2,2,2,1,3,1,3,4,1,1,2,0,0,2,0,1
570,2,KATSINA,2,18,1,0,2,1,2,2,1,1,3,2,2,1,3,3,1,3,4,1,1,2,1,0,1,2,1
571,1,KATSINA,1,19,5,0,1,1,2,2,2,1,1,2,2,2,3,3,1,3,4,1,1,2,0,0,2,0,1
572,1,KATSINA,1,25,10,0,1,1,2,2,2,1,1,2,1,3,3,3,1,3,4,1,1,2,1,0,2,1,1
573,1,KATSINA,2,25,10,1,1,2,2,2,2,1,3,2,2,4,3,3,1,0,3,1,1,2,1,0,2,1,2
574,1,KATSINA,2,20,5,0,1,2,2,2,2,2,1,2,2,3,3,3,1,2,4,1,1,1,2,0,0,1,1
575,2,KATSINA,2,24,3,0,1,2,2,2,2,1,2,2,2,1,3,3,1,1,3,1,2,2,1,0,1,0,2
576,1,KATSINA,2,22,5,1,1,2,2,2,2,1,1,2,2,6,1,3,1,0,4,1,1,2,1,0,2,1,1
577,2,KATSINA,2,25,10,0,2,2,2,2,2,2,2,2,2,1,3,3,1,2,4,1,1,1,0,0,2,1,1
578,2,KATSINA,1,22,5,0,1,2,2,2,1,1,3,2,2,1,3,3,0,4,4,1,1,2,0,0,2,1,1
579,1,KATSINA,2,25,6,0,1,2,2,2,2,2,2,2,2,2,2,3,0,0,3,1,2,2,0,1,2,2,2
580,1,KATSINA,1,22,3,0,2,2,2,2,1,1,2,2,2,5,1,3,0,4,4,1,1,2,2,1,2,2,1
581,2,KATSINA,2,23,5,0,1,2,2,2,2,1,1,2,2,2,3,3,0,3,4,1,1,2,1,0,2,1,1
582,1,KATSINA,2,18,5,1,1,2,2,2,1,1,2,2,2,3,1,3,0,2,4,1,1,1,1,0,2,1,1
583,1,KATSINA,1,25,3,0,1,1,2,2,2,1,3,1,1,1,3,3,0,1,4,1,2,2,0,1,0,1,1
584,1,KATSINA,1,25,6,1,1,2,1,2,2,1,1,2,2,4,1,3,0,4,4,1,1,2,1,0,2,2,1
585,2,KATSINA,2,20,3,0,1,2,2,2,2,1,2,2,2,1,3,3,0,0,4,1,2,2,0,0,1,1,1
586,1,KATSINA,1,22,7,0,1,2,2,1,1,1,1,1,2,4,1,2,0,4,1,0,1,1,0,0,1,2,0
587,1,KATSINA,1,25,10,0,2,1,2,2,3,1,2,2,2,1,1,3,0,0,4,1,1,2,1,0,0,1,1
588,2,KATSINA,1,18,5,0,1,1,2,2,2,1,1,2,2,1,3,3,0,0,4,1,1,2,0,0,2,2,1
589,2,KATSINA,1,20,7,0,1,1,1,1,2,2,1,2,2,3,1,3,0,4,2,0,1,1,0,2,2,1,3
590,1,KEBBI,2,20,11,1,2,2,2,2,1,1,2,2,2,1,3,3,1,3,4,1,1,2,0,0,2,1,1
591,2,KEBBI,2,20,11,0,2,1,2,2,3,2,1,2,2,1,3,3,1,3,4,1,2,2,0,0,1,1,1
592,2,KEBBI,2,24,11,1,2,2,2,2,2,1,3,2,2,1,2,1,1,3,4,1,1,2,0,0,2,0,1
593,1,KEBBI,2,25,11,1,1,2,2,2,2,2,3,2,2,1,1,3,1,3,4,1,1,2,2,0,2,1,1
594,2,KEBBI,1,19,10,0,1,2,2,2,3,1,2,2,2,19,3,3,1,3,4,1,2,2,0,0,0,0,1
595,1,KEBBI,2,19,11,1,1,2,2,2,1,1,1,2,2,3,1,3,1,3,4,1,1,2,0,0,2,1,1
596,1,KEBBI,2,18,10,0,1,2,2,2,2,1,3,2,2,1,3,1,1,3,4,1,1,2,0,1,1,1,1
597,2,KEBBI,1,21,11,0,1,2,2,2,2,1,3,2,2,1,1,3,0,0,4,1,1,2,2,0,2,1,1
598,2,KEBBI,2,24,11,0,2,2,2,2,1,1,2,2,2,1,3,3,0,0,4,1,2,2,0,0,0,1,1
599,2,KEBBI,1,18,5,0,1,1,2,2,2,1,1,2,2,19,3,3,0,4,3,1,1,2,0,0,1,0,2
600,1,KEBBI,2,25,5,0,1,2,2,2,1,1,3,2,2,1,1,1,0,2,3,0,1,2,2,0,2,1,2
601,2,KEBBI,2,20,3,1,1,1,2,2,1,1,2,2,2,1,2,3,0,0,4,1,1,2,2,0,0,1,1
602,2,KEBBI,2,20,2,0,2,2,2,2,2,1,1,2,1,1,3,3,0,3,4,1,1,2,0,0,1,1,1
603,2,KOGI,1,20,3,0,2,1,2,2,3,1,1,2,2,20,3,3,1,3,4,1,2,2,0,0,0,0,1
604,1,KOGI,2,18,3,0,1,2,2,2,3,1,2,2,2,2,1,3,1,3,4,1,2,2,0,0,0,0,1
605,2,KOGI,1,23,3,0,2,1,2,2,3,1,2,2,2,2,3,3,1,1,3,1,2,2,0,0,0,0,2
606,2,KOGI,2,25,5,0,1,1,2,2,3,1,2,2,2,2,3,3,1,1,4,1,2,2,0,1,0,1,1
607,2,KOGI,2,25,5,1,1,2,2,2,1,1,2,2,2,19,3,3,1,1,3,1,1,2,1,0,1,1,2
608,1,KOGI,2,24,5,1,1,1,2,2,3,1,1,2,2,3,1,3,1,1,3,1,2,2,0,0,0,0,2
609,2,KOGI,2,25,6,0,2,1,2,2,2,2,2,2,2,6,3,1,0,4,1,1,1,1,0,2,2,1,0
610,2,KOGI,2,22,5,0,1,1,2,2,3,1,1,2,2,2,3,3,0,4,4,1,2,2,2,0,2,2,1
611,2,KOGI,1,25,5,0,1,1,2,2,3,1,2,2,2,3,3,3,0,4,3,1,2,2,0,2,0,2,2
612,2,KOGI,2,24,6,0,1,1,2,2,3,1,2,2,2,2,3,3,0,4,4,1,2,2,0,2,2,2,1
613,2,KOGI,2,21,5,1,1,1,2,2,3,1,1,2,2,2,3,3,0,3,4,1,2,2,0,1,2,1,1
614,2,KWARA,2,23,11,0,2,2,2,2,3,1,2,2,2,1,3,3,1,3,4,1,1,2,0,0,0,0,1
615,2,KWARA,1,18,5,0,2,2,2,2,3,1,2,2,2,1,3,3,1,3,4,1,2,2,0,0,0,1,1
616,2,KWARA,2,22,5,0,1,2,2,2,3,2,1,2,2,3,3,3,1,1,4,1,2,2,0,0,0,1,1
617,1,KWARA,1,25,5,1,2,2,2,2,1,2,3,2,2,3,3,3,1,3,4,1,1,2,0,1,2,1,1
618,2,KWARA,2,23,5,0,2,1,2,2,2,1,3,2,2,2,3,3,0,4,4,1,2,2,1,1,1,1,1
619,2,KWARA,1,23,5,0,1,2,2,2,2,2,1,2,2,2,2,3,0,1,3,1,2,2,0,0,1,0,2
620,2,KWARA,1,25,6,0,1,1,2,2,3,1,3,2,2,3,3,3,0,4,4,1,2,2,0,0,2,1,1
621,1,KWARA,2,23,5,1,2,1,2,2,3,1,2,2,2,3,3,3,0,4,2,1,1,2,1,0,2,2,3
622,2,KWARA,2,24,5,1,1,2,2,2,2,1,2,2,2,18,3,3,0,4,3,1,2,2,0,2,2,1,2
623,2,KWARA,2,18,5,0,1,2,2,2,3,2,2,2,2,2,3,3,0,0,4,1,2,2,1,0,1,1,1
624,1,KWARA,2,25,6,0,1,1,2,2,3,2,2,2,2,3,3,3,0,1,4,1,2,2,0,0,2,1,1
625,2,KWARA,1,20,5,0,1,1,2,2,2,2,1,2,2,2,3,3,0,4,4,1,2,2,0,0,2,1,1
626,2,KWARA,1,23,6,0,1,1,2,2,3,1,3,2,2,2,3,3,0,4,4,1,2,2,0,0,2,0,1
627,2,KWARA,1,22,3,0,1,1,2,2,3,1,1,2,2,1,3,3,0,4,3,1,1,2,0,0,2,1,2
628,1,KWARA,1,23,6,0,1,1,2,2,3,1,1,2,2,3,3,3,0,3,4,1,2,2,2,0,2,1,1
629,1,KWARA,2,25,7,1,1,2,2,2,2,2,1,2,2,5,1,3,0,4,4,1,1,1,1,1,2,1,1
630,2,KWARA,1,25,5,0,2,1,2,2,3,1,2,2,2,2,3,3,0,3,4,1,2,2,1,0,2,1,1
631,1,KWARA,1,25,7,0,1,1,2,2,2,1,2,2,1,2,3,3,0,4,4,1,2,2,0,0,2,0,1
632,1,KWARA,1,21,6,1,1,1,2,2,1,1,1,2,2,2,1,3,0,4,4,1,1,2,1,0,2,2,1
633,1,KWARA,2,25,5,1,1,2,2,2,3,1,1,2,2,3,3,3,0,4,4,1,2,2,0,1,2,1,1
634,2,KWARA,1,19,7,0,1,1,2,2,3,1,2,2,2,3,3,3,0,4,1,1,1,2,2,0,2,1,0
635,2,KWARA,1,20,6,0,1,1,2,2,3,1,2,2,2,3,3,3,0,4,1,1,1,2,2,2,2,2,0
636,1,KWARA,1,19,6,0,2,1,2,2,2,1,1,2,2,2,3,3,0,4,3,1,2,2,0,0,1,0,2
637,1,KWARA,1,24,5,0,1,1,2,2,3,2,1,2,2,2,3,3,0,4,4,1,2,2,1,0,2,1,1
638,1,KWARA,1,25,5,0,1,1,2,2,3,1,2,2,2,3,3,3,0,0,4,1,2,2,2,1,1,2,1
639,1,KWARA,1,21,5,0,1,2,2,2,3,1,2,2,2,2,3,3,0,4,4,1,1,2,2,0,2,1,1
640,2,KWARA,1,25,5,0,1,1,1,2,2,1,1,2,1,2,2,3,0,4,3,1,1,1,0,0,2,1,2
641,1,LAGOS,2,25,6,0,1,1,2,2,3,1,2,2,2,3,3,3,0,1,4,1,2,2,2,0,2,1,1
642,1,LAGOS,2,22,5,0,1,1,2,2,2,1,2,2,2,3,1,3,0,2,2,1,1,1,1,1,0,2,3
643,1,LAGOS,1,23,7,0,1,1,2,2,3,1,2,2,2,4,3,3,0,4,4,1,1,2,0,0,2,1,1
644,1,LAGOS,1,22,5,0,2,1,2,2,3,1,2,2,2,2,3,3,0,4,4,1,2,2,0,0,2,0,1
645,1,LAGOS,1,19,5,0,2,1,2,2,1,1,1,2,2,19,3,3,0,4,2,1,2,2,2,0,2,1,3
646,1,LAGOS,1,22,6,0,2,1,2,2,2,1,1,2,2,2,3,3,0,4,4,1,2,1,0,1,2,1,1
647,1,LAGOS,2,21,5,0,2,2,2,2,3,1,4,2,1,3,3,3,0,4,1,1,1,2,0,0,2,1,0
648,1,LAGOS,1,23,5,0,2,1,2,2,3,1,1,2,2,2,3,3,0,4,4,1,2,2,2,0,2,1,1
649,2,LAGOS,2,23,9,0,2,2,2,2,3,1,1,2,2,3,3,3,0,4,4,1,2,2,1,0,2,1,1
650,1,LAGOS,1,25,6,0,1,1,2,2,3,1,2,2,2,8,3,3,0,4,4,1,2,1,2,1,2,1,1
651,1,NASARAWA,2,24,5,1,1,1,2,2,2,1,1,2,2,1,3,3,1,3,4,1,1,2,0,0,0,1,1
652,2,NASARAWA,1,24,10,1,1,2,2,2,3,1,1,2,2,3,1,3,1,3,4,1,1,2,0,0,0,0,1
653,2,NASARAWA,1,25,3,0,1,1,2,2,2,1,2,2,2,1,3,3,1,3,4,1,2,2,2,1,1,2,1
654,1,NASARAWA,1,25,5,0,2,1,2,2,3,1,1,2,2,6,1,3,1,3,4,1,1,2,0,0,0,1,1
655,2,NASARAWA,1,20,11,1,2,1,2,2,3,1,1,2,2,1,2,3,1,3,4,1,1,2,0,0,2,0,1
656,2,NASARAWA,1,20,11,1,2,2,2,2,3,1,1,2,2,2,3,3,1,3,4,1,2,2,0,0,1,0,1
657,2,NASARAWA,2,23,3,1,2,1,2,2,3,1,2,2,2,19,2,3,1,3,4,1,2,2,0,0,0,0,1
658,2,NASARAWA,2,25,3,1,1,2,2,2,3,1,1,2,2,1,1,3,1,3,4,1,1,2,2,0,0,1,1
659,2,NASARAWA,1,25,4,0,1,2,2,2,2,1,2,2,1,1,3,3,1,3,4,1,2,2,0,0,2,0,1
660,2,NASARAWA,2,23,10,1,2,1,2,2,3,1,1,2,2,1,3,3,1,3,4,1,2,2,1,0,1,0,1
661,1,NASARAWA,2,20,10,1,1,2,2,2,2,1,1,1,1,2,3,3,1,0,4,1,1,2,2,1,1,2,1
662,2,NASARAWA,1,19,4,1,1,2,2,2,3,2,1,2,1,1,3,3,1,3,4,1,1,2,1,0,1,1,1
663,2,NASARAWA,1,20,5,0,1,2,2,2,3,1,1,2,2,1,3,3,1,1,4,1,1,2,2,0,2,1,1
664,1,NASARAWA,2,20,5,1,1,2,2,2,3,1,1,2,2,2,1,3,1,3,4,1,1,2,0,0,0,0,1
665,2,NASARAWA,1,25,5,1,1,2,2,2,2,1,1,2,2,2,3,3,1,3,4,1,2,2,2,0,1,1,1
666,2,NASARAWA,1,25,10,0,1,1,2,2,3,1,2,2,2,1,3,3,1,3,4,1,2,2,0,0,0,0,1
667,1,NASARAWA,1,22,11,1,1,2,2,2,3,1,1,2,2,2,1,3,1,3,4,1,1,2,0,0,1,0,1
668,2,NASARAWA,2,25,2,1,2,1,2,2,3,2,1,1,1,2,1,3,1,0,3,1,1,2,0,0,0,0,2
669,2,NASARAWA,2,20,4,1,1,1,2,2,2,1,2,2,2,2,3,3,1,1,4,1,1,2,0,0,0,1,1
670,2,NASARAWA,2,23,3,1,2,1,2,2,2,1,1,1,1,2,3,3,1,0,4,1,1,2,0,0,1,1,1
671,1,NASARAWA,1,25,5,1,1,2,2,2,2,1,1,2,2,1,1,3,1,3,4,1,1,2,0,0,2,0,1
672,2,NASARAWA,1,20,2,0,2,1,2,2,3,1,1,2,2,1,3,3,1,1,4,1,2,2,0,0,0,1,1
673,2,NASARAWA,1,25,10,0,1,2,2,2,2,1,1,2,2,1,3,3,1,1,4,1,1,2,0,0,0,0,1
674,2,NASARAWA,1,25,4,1,1,2,2,2,3,1,1,2,2,1,3,3,1,1,4,1,2,2,1,0,2,0,1
675,2,NASARAWA,2,23,5,1,2,2,2,2,2,1,1,2,2,1,3,3,1,3,4,1,2,2,0,0,2,0,1
676,2,NASARAWA,1,20,5,0,2,2,2,2,3,1,2,2,2,2,3,3,1,1,4,1,2,2,2,0,1,1,1
677,1,NASARAWA,2,25,4,1,2,2,2,2,3,1,2,2,2,1,3,3,1,1,4,1,2,2,2,0,0,1,1
678,2,NASARAWA,1,24,11,0,1,1,2,2,3,2,2,2,2,19,3,3,1,3,4,1,2,2,0,0,0,0,1
679,1,NASARAWA,1,25,5,1,1,1,2,2,2,1,1,2,2,1,3,3,1,3,4,1,1,2,0,0,0,1,1
680,1,NASARAWA,1,25,3,0,2,1,2,2,2,1,3,2,2,19,1,3,1,1,4,1,1,2,0,0,0,0,1
681,1,NASARAWA,2,25,3,1,2,2,2,2,2,1,1,2,1,8,1,3,1,0,4,1,1,2,2,0,0,1,1
682,2,NASARAWA,2,25,4,0,1,1,2,2,1,2,1,2,2,2,2,3,1,1,3,0,1,2,2,1,0,2,2
683,2,NASARAWA,1,18,4,0,2,2,2,2,2,1,1,2,2,1,3,3,1,3,4,1,2,2,2,0,0,1,1
684,2,NASARAWA,1,20,11,1,1,2,2,2,3,1,1,2,2,1,1,3,1,3,4,1,1,2,1,0,2,1,1
685,2,NASARAWA,1,23,7,1,2,1,2,2,3,2,1,2,2,1,3,3,0,3,4,1,1,2,2,0,2,0,1
686,1,NASARAWA,1,25,4,0,1,2,2,2,3,1,1,2,2,4,3,3,0,4,4,1,2,2,0,0,0,1,1
687,1,NASARAWA,1,25,5,1,1,2,2,2,2,1,2,2,2,1,1,3,0,4,4,1,1,2,0,0,2,1,1
688,2,NASARAWA,1,20,5,1,1,1,2,2,2,1,1,2,2,1,3,3,0,0,4,1,2,2,0,0,2,1,1
689,2,NASARAWA,2,22,5,1,1,2,2,2,3,1,1,2,2,1,3,3,0,3,4,1,2,2,0,0,2,0,1
690,2,NASARAWA,2,24,5,1,2,1,2,2,2,1,2,2,2,1,2,3,0,4,4,1,1,2,0,0,0,1,1
691,1,NASARAWA,1,19,5,0,2,2,2,2,3,1,1,2,2,4,3,3,0,2,4,1,1,2,0,1,1,1,1
692,2,NASARAWA,1,25,6,1,1,2,2,2,2,1,1,2,2,2,3,3,0,3,4,1,2,2,0,0,2,1,1
693,2,NASARAWA,2,18,3,1,2,2,2,2,2,1,1,2,2,2,3,3,0,2,2,1,1,2,0,0,1,1,3
694,2,NASARAWA,1,25,11,1,1,2,2,2,3,1,1,2,2,1,3,3,0,3,4,1,2,2,0,0,1,0,1
695,1,NASARAWA,1,20,5,0,2,1,2,2,3,1,1,2,2,2,3,3,0,2,4,1,2,2,0,0,2,1,1
696,2,NASARAWA,1,19,11,0,1,2,2,2,1,1,2,2,2,1,3,3,0,3,4,1,2,2,0,0,1,1,1
697,2,NASARAWA,1,18,11,0,1,2,2,2,3,1,1,2,2,2,3,3,0,3,4,1,2,2,1,0,0,1,1
698,2,NASARAWA,1,19,6,0,2,1,2,2,3,1,1,2,2,1,3,3,0,4,4,1,2,2,2,0,2,1,1
699,1,NASARAWA,1,25,5,1,1,2,2,2,3,1,1,2,2,4,3,3,0,4,4,1,2,2,2,0,2,1,1
700,2,NASARAWA,1,23,5,0,1,1,2,2,3,1,3,2,2,1,3,3,0,3,4,1,2,2,0,0,0,0,1
701,1,NASARAWA,2,18,4,1,2,1,2,2,3,1,2,2,1,1,1,3,0,0,4,1,1,2,0,0,0,1,1
702,2,NASARAWA,1,23,3,0,1,1,2,2,3,1,1,2,2,1,3,3,0,1,4,1,2,2,0,0,0,1,1
703,2,NASARAWA,1,25,3,1,1,2,2,2,3,1,1,2,2,2,3,3,0,3,2,1,1,2,0,0,2,0,3
704,2,NASARAWA,1,25,5,1,1,1,2,2,2,1,1,2,2,2,1,3,0,1,4,1,1,2,2,0,1,1,1
705,1,NASARAWA,1,19,6,0,2,1,2,2,3,1,2,2,2,1,3,3,0,4,4,1,2,2,0,0,2,0,1
706,2,NASARAWA,1,24,6,0,1,2,2,2,3,1,1,2,2,1,3,3,0,4,4,1,2,2,0,0,2,0,1
707,1,NASARAWA,1,22,6,1,1,1,2,2,3,1,1,2,2,3,3,3,0,3,4,1,1,2,0,0,2,1,1
708,2,NASARAWA,1,25,7,0,1,1,2,2,1,1,1,2,2,1,3,3,0,4,4,1,2,2,2,1,2,2,1
709,2,NASARAWA,1,24,6,0,1,1,2,2,2,1,1,2,2,2,3,3,0,4,4,1,2,2,0,0,1,1,1
710,2,NASARAWA,1,25,3,0,1,2,2,2,3,1,1,2,2,1,3,3,0,1,4,1,1,2,0,0,0,0,1
711,1,NASARAWA,2,25,3,0,1,2,2,2,2,1,1,2,2,2,3,3,0,3,4,1,1,2,0,0,2,0,1
712,1,NIGER,2,20,2,1,2,1,2,2,2,1,2,1,1,19,1,3,1,0,4,1,1,2,1,0,0,1,1
713,1,NIGER,2,20,2,1,1,1,2,2,2,1,2,2,1,4,3,3,1,0,4,1,1,2,0,0,0,0,1
714,2,NIGER,1,25,3,0,1,1,2,2,2,1,2,2,2,1,3,3,1,3,4,1,2,2,0,1,0,0,1
715,2,NIGER,2,20,1,0,1,1,2,2,3,1,2,2,2,20,3,3,1,0,4,1,1,2,0,0,0,0,1
716,2,NIGER,1,20,10,0,1,2,2,2,3,1,2,2,2,1,1,3,1,3,4,1,1,2,0,0,2,1,1
717,1,NIGER,2,23,11,1,1,2,2,2,1,1,1,2,2,1,3,3,1,0,4,1,1,2,0,0,0,1,1
718,2,NIGER,2,21,2,1,1,2,2,2,2,1,2,2,2,20,3,3,1,0,4,1,1,2,0,1,2,2,1
719,1,NIGER,2,22,11,1,2,2,2,2,2,1,3,2,2,4,3,3,1,1,3,1,2,2,0,0,2,0,2
720,2,NIGER,1,22,2,1,2,2,2,2,2,1,1,2,2,1,2,3,1,3,3,1,1,2,0,0,1,1,2
721,1,NIGER,2,25,2,1,1,2,2,2,2,1,2,2,1,2,1,3,1,3,4,1,1,2,2,0,0,1,1
722,1,NIGER,2,25,11,1,1,2,2,2,2,1,2,2,2,1,1,3,1,0,4,1,1,2,0,0,0,1,1
723,2,NIGER,1,20,3,1,2,2,2,2,2,1,1,2,2,4,1,3,1,1,4,1,1,2,0,1,0,1,1
724,2,NIGER,2,20,5,0,1,2,2,2,3,2,2,2,2,1,3,3,1,1,3,1,2,2,1,0,0,1,2
725,2,NIGER,2,20,11,1,2,1,2,2,2,1,1,1,1,3,2,3,1,0,4,1,1,2,0,0,0,0,1
726,2,NIGER,2,18,11,1,2,2,2,2,2,1,1,1,2,19,2,3,1,0,4,1,1,2,0,0,0,0,1
727,2,NIGER,2,20,1,1,1,2,2,2,3,1,2,1,2,1,1,3,1,0,4,1,2,2,0,0,0,0,1
728,1,NIGER,2,25,11,1,1,1,2,2,2,1,2,2,2,15,1,3,1,0,4,1,1,2,0,0,0,1,1
729,2,NIGER,1,20,3,1,1,2,2,2,3,1,1,2,1,2,1,3,1,1,3,1,1,2,0,1,2,1,2
730,2,NIGER,1,25,11,1,2,2,2,2,1,1,2,1,2,1,3,3,1,0,4,1,2,2,0,0,0,1,1
731,2,NIGER,1,21,11,0,1,2,2,2,2,1,2,2,2,2,2,3,1,2,3,1,1,1,0,0,0,1,2
732,2,NIGER,2,21,3,1,1,2,2,2,2,1,1,2,2,1,2,3,1,3,4,1,1,2,0,0,0,0,1
733,2,NIGER,2,20,11,1,2,2,2,2,3,1,2,1,1,1,2,3,1,0,4,1,1,2,0,0,0,0,1
734,2,NIGER,1,18,4,0,2,1,2,2,2,1,2,1,2,1,3,3,1,1,4,1,2,2,0,0,0,1,1
735,2,NIGER,2,25,5,1,1,1,2,2,2,1,1,2,2,1,2,3,1,0,4,1,1,2,1,1,2,2,1
736,2,NIGER,1,20,11,1,2,1,2,2,1,1,2,2,2,3,3,3,1,0,3,1,1,2,0,0,0,1,2
737,1,NIGER,2,18,2,1,1,2,2,2,2,2,1,2,1,18,1,3,1,0,4,1,1,2,0,0,0,0,1
738,2,NIGER,2,20,11,1,1,1,2,2,3,1,2,2,2,1,2,3,1,3,4,1,1,2,0,0,0,1,1
739,1,NIGER,2,25,5,0,1,2,2,2,2,1,3,2,2,2,1,3,1,1,4,1,1,2,1,1,0,2,1
740,2,NIGER,2,24,11,0,1,1,2,2,2,1,2,2,2,1,2,3,1,0,4,1,1,2,0,0,0,0,1
741,1,NIGER,1,25,2,1,2,1,2,2,2,1,2,1,2,5,1,3,1,0,4,1,1,2,0,0,0,1,1
742,1,NIGER,2,20,3,1,1,2,2,2,2,1,1,1,1,19,2,3,1,0,4,1,1,2,1,0,0,1,1
743,1,NIGER,1,19,11,0,1,2,2,2,2,1,1,2,2,2,1,3,0,3,4,1,1,2,0,0,0,1,1
744,1,NIGER,1,22,7,0,1,1,1,2,2,1,2,2,2,3,3,3,0,4,3,0,1,1,0,2,2,2,2
745,2,NIGER,2,25,7,0,1,1,1,2,2,1,1,2,2,3,3,3,0,4,3,1,1,2,1,2,2,2,2
746,1,NIGER,1,18,8,0,1,1,2,1,2,2,1,2,2,2,3,3,0,4,4,1,2,1,1,0,2,2,1
747,2,NIGER,1,20,6,0,1,1,2,1,2,1,2,2,2,3,3,3,0,2,4,1,1,2,0,2,2,2,1
748,1,NIGER,1,25,6,0,1,2,2,2,3,1,2,2,2,7,3,3,0,4,4,1,1,2,1,2,2,1,1
749,2,NIGER,2,18,3,0,2,1,2,2,3,1,1,2,2,20,3,3,0,0,4,1,2,2,0,0,0,0,1
750,1,NIGER,2,18,3,1,2,1,2,2,3,1,1,2,2,1,3,3,0,0,4,1,1,2,0,0,0,1,1
751,2,NIGER,2,25,11,1,1,2,2,2,2,1,3,2,2,17,1,3,0,0,4,1,2,2,1,1,0,1,1
752,2,NIGER,1,20,3,1,1,2,2,2,2,1,2,2,2,2,2,3,0,4,2,1,1,2,1,2,2,2,3
753,1,NIGER,1,21,6,0,1,1,2,1,2,1,2,2,2,2,3,3,0,4,4,0,2,2,1,2,2,1,1
754,1,NIGER,1,24,5,0,1,1,2,2,3,1,3,2,2,1,3,3,0,3,3,1,1,2,0,0,1,0,2
755,1,NIGER,1,25,11,1,1,1,2,2,2,1,2,1,2,5,1,3,0,4,3,1,1,2,0,1,0,1,2
756,2,NIGER,2,20,7,1,2,1,1,2,2,1,2,2,2,1,2,3,0,4,1,1,1,2,1,0,2,2,0
757,2,NIGER,2,24,5,0,1,1,2,2,2,1,2,2,2,1,3,3,0,4,1,1,1,2,0,0,1,1,0
758,2,NIGER,2,24,6,0,1,2,2,2,2,2,1,2,2,3,3,3,0,4,3,1,1,2,1,2,2,2,2
759,2,NIGER,2,22,6,1,1,1,2,2,2,1,1,2,2,7,2,3,0,4,3,1,1,2,1,2,2,2,2
760,1,NIGER,1,25,6,0,1,1,2,2,2,1,2,2,2,13,3,3,0,4,4,1,2,2,1,2,1,2,1
761,1,NIGER,2,18,3,0,1,1,2,2,2,1,1,2,2,2,2,3,0,2,4,1,1,2,0,0,0,0,1
762,2,NIGER,1,18,5,0,1,1,2,2,1,1,3,2,2,1,3,3,0,1,3,1,2,2,1,0,1,1,2
763,1,NIGER,2,20,3,1,1,1,2,2,2,1,1,2,2,2,2,3,0,2,3,0,1,1,0,1,0,1,2
764,2,NIGER,2,23,5,1,2,2,2,2,3,1,2,2,2,2,3,3,0,0,4,1,2,2,1,1,0,1,1
765,2,NIGER,2,18,5,0,2,2,2,2,2,1,1,2,2,1,3,3,0,0,3,1,1,2,0,0,0,1,2
766,1,OGUN,1,24,5,0,1,1,2,2,3,1,1,2,2,3,3,3,1,1,4,1,2,2,0,0,2,0,1
767,2,OGUN,2,25,2,1,1,2,2,2,3,1,1,2,2,1,3,3,1,1,4,1,2,2,1,0,0,1,1
768,2,OGUN,2,25,4,0,2,1,2,2,3,2,2,2,2,3,3,3,1,1,4,1,2,2,1,0,0,1,1
769,2,OGUN,1,24,5,0,2,1,2,2,3,1,2,2,2,6,3,3,0,4,1,0,2,2,2,1,2,1,0
770,2,OGUN,1,25,5,0,1,1,2,2,3,2,2,2,2,3,3,3,0,4,2,1,2,2,1,0,2,1,3
771,2,OGUN,1,24,8,0,2,1,2,2,3,1,1,2,2,9,3,3,0,4,1,1,2,1,2,0,1,1,0
772,1,OGUN,2,24,5,0,1,1,2,2,2,1,2,2,2,13,3,3,0,2,4,1,2,2,2,1,2,1,1
773,2,OGUN,1,22,5,0,1,2,2,2,3,1,1,2,2,2,3,3,0,4,4,1,2,2,2,2,1,2,1
774,1,OGUN,1,21,6,0,1,1,2,2,3,1,1,2,2,18,3,3,0,2,2,1,2,2,2,0,2,1,3
775,2,OGUN,1,18,4,0,2,1,2,2,3,1,1,2,2,19,3,3,0,1,4,1,2,2,0,0,0,1,1
776,1,OGUN,2,25,5,0,1,2,2,2,2,1,1,2,2,5,3,3,0,4,4,1,2,2,0,0,1,0,1
777,2,OGUN,1,25,7,0,1,1,2,2,2,1,2,2,2,2,3,3,0,1,2,1,2,2,1,0,2,1,3
778,2,OGUN,2,25,3,0,1,2,2,2,3,1,2,2,2,5,3,3,0,4,2,1,2,2,0,0,2,0,3
779,2,OGUN,1,25,5,0,1,1,2,2,3,1,2,2,2,2,3,3,0,4,3,1,2,2,1,1,2,2,2
780,1,OGUN,1,20,5,0,2,1,2,2,3,1,3,2,2,2,3,3,0,4,4,1,2,2,0,2,2,1,1
781,2,OGUN,1,25,5,0,2,2,2,2,3,1,2,2,2,2,3,3,0,4,4,1,2,2,0,0,1,1,1
782,1,OGUN,1,25,5,0,2,2,2,2,3,1,2,2,2,2,3,3,0,4,4,1,2,2,0,0,1,1,1
783,1,OGUN,2,25,5,0,2,2,2,2,3,1,2,2,2,3,3,3,0,4,3,1,1,2,0,1,2,1,2
784,1,OGUN,1,25,6,0,2,1,2,2,2,1,4,2,2,5,3,3,0,4,4,1,1,1,2,0,2,2,1
785,2,OGUN,1,21,5,0,1,1,2,2,3,2,2,2,2,4,3,3,0,0,2,1,2,2,0,1,1,1,3
786,2,ONDO,1,25,2,0,1,1,2,2,3,1,2,2,2,1,3,3,1,1,3,1,2,2,0,0,0,0,2
787,2,ONDO,1,23,5,1,1,1,2,2,3,1,1,2,2,3,3,3,0,4,3,1,1,2,0,0,2,0,2
788,1,ONDO,2,22,5,1,1,1,2,2,2,2,2,2,2,3,2,3,0,1,3,1,1,2,2,0,1,1,2
789,2,ONDO,1,22,5,0,1,2,2,2,3,1,1,2,2,2,3,3,0,4,4,1,2,2,0,0,2,1,1
790,2,ONDO,1,23,6,0,2,1,2,2,3,1,1,2,2,3,3,3,0,4,4,1,2,2,0,0,2,1,1
791,2,ONDO,2,18,5,0,1,1,2,2,3,1,1,2,2,3,3,3,0,4,2,1,2,2,2,0,2,1,3
792,2,ONDO,1,23,5,0,2,2,2,2,3,1,2,2,2,2,3,3,0,1,4,1,2,2,0,0,0,1,1
793,1,ONDO,1,25,8,0,1,1,2,2,2,1,2,2,2,3,3,3,0,4,4,1,2,1,2,0,2,1,1
794,1,ONDO,2,20,5,1,1,1,2,2,3,1,1,2,2,18,3,3,0,4,4,1,2,2,1,0,0,1,1
795,2,OSUN,1,20,4,1,1,1,2,2,2,1,1,1,2,3,2,3,1,1,4,1,1,2,2,0,0,2,1
796,2,OSUN,1,20,3,0,2,2,2,2,2,1,2,2,2,3,3,3,1,1,3,1,2,2,2,0,0,2,2
797,2,OSUN,1,22,5,0,1,1,2,2,3,1,1,1,1,2,3,3,1,1,3,1,1,2,2,0,1,1,2
798,2,OSUN,1,24,4,1,1,1,2,2,2,1,1,2,2,3,3,3,0,4,3,1,1,2,0,0,0,1,2
799,2,OSUN,1,19,5,1,1,1,2,2,2,2,2,1,2,5,1,2,0,2,1,0,1,1,2,1,0,1,0
800,2,OSUN,1,18,4,1,2,1,2,2,1,1,4,2,1,6,3,3,0,4,2,1,1,2,0,0,2,1,3
801,2,OSUN,1,23,6,0,1,2,2,2,1,2,3,2,1,2,3,1,0,2,1,0,1,1,2,1,1,2,0
802,2,OSUN,1,18,5,0,1,1,2,2,3,1,2,2,2,4,3,3,0,4,3,1,2,2,0,0,0,0,2
803,2,OSUN,1,25,5,0,1,1,2,2,1,1,2,1,2,3,3,3,0,4,2,1,1,2,0,0,2,1,3
804,1,OSUN,1,25,5,0,1,1,2,2,2,1,1,2,2,5,3,3,0,4,3,1,1,2,0,0,2,1,2
805,2,OSUN,2,24,5,0,1,2,2,2,3,1,2,2,1,1,3,3,0,4,3,1,2,2,0,0,2,0,2
806,1,OSUN,1,25,5,1,1,1,2,2,3,1,2,2,1,2,2,3,0,1,3,0,1,2,0,0,0,0,2
807,2,OSUN,1,25,5,0,1,1,2,2,2,1,2,2,2,3,3,3,0,3,2,1,2,2,0,0,0,0,3
808,2,OSUN,1,21,5,0,2,2,1,1,1,2,3,2,2,4,3,1,0,2,1,0,1,1,0,1,1,1,0
809,2,OSUN,1,22,5,0,2,1,2,2,1,1,1,2,2,2,3,3,0,1,3,1,1,2,0,0,0,1,2
810,2,OSUN,1,19,5,0,1,2,2,2,1,1,1,2,2,2,2,1,0,2,2,1,1,1,1,1,2,2,3
811,2,OSUN,1,24,5,0,1,2,2,2,3,2,2,2,2,2,3,3,0,4,4,1,2,2,0,0,2,1,1
812,1,OSUN,2,24,5,1,2,1,2,1,2,1,1,2,2,13,3,3,0,4,4,1,1,2,2,0,2,2,1
813,2,OSUN,1,19,5,0,1,1,2,2,1,2,2,1,1,4,2,1,0,2,2,1,1,1,0,2,2,2,3
814,1,OSUN,1,25,3,1,1,1,2,2,1,2,1,1,2,6,2,3,0,4,4,1,1,2,2,0,0,2,1
815,2,OSUN,2,21,6,0,1,1,2,2,1,1,1,2,2,3,3,3,0,4,3,1,1,2,2,0,0,2,2
816,1,OSUN,1,19,5,0,2,1,2,2,2,1,1,2,2,4,3,3,0,2,4,1,1,1,0,1,2,0,1
817,1,OSUN,1,22,9,0,1,1,2,2,2,1,1,1,2,3,3,3,0,4,4,1,1,2,0,0,2,2,1
818,1,OSUN,1,21,3,0,1,1,2,2,2,1,2,2,2,2,3,3,0,4,1,1,2,2,0,0,0,1,0
819,2,OSUN,1,25,4,0,1,1,2,2,1,1,2,2,2,2,3,3,0,2,4,1,1,2,2,0,0,2,1
820,2,OSUN,1,21,6,0,2,2,2,2,3,2,1,2,2,4,3,3,0,3,3,1,2,2,2,0,2,1,2
821,1,OSUN,1,25,6,0,2,2,2,2,2,1,2,2,1,8,2,1,0,2,2,0,1,1,1,1,2,1,3
822,2,OSUN,1,25,4,0,1,2,2,1,2,2,3,2,2,8,3,3,0,1,3,1,2,2,0,0,2,0,2
823,1,OSUN,1,24,5,0,2,2,2,2,3,2,1,2,2,6,3,3,0,1,4,1,2,2,2,0,0,1,1
824,1,OSUN,1,25,7,1,1,2,2,2,2,1,1,2,2,2,2,3,0,4,2,1,2,1,2,0,2,2,3
825,2,OSUN,2,22,1,0,1,1,2,2,2,2,3,1,1,6,1,3,0,4,4,1,1,2,0,0,1,0,1
826,1,OSUN,1,25,5,0,1,1,2,2,2,1,4,2,2,3,3,1,0,2,2,1,1,1,0,1,1,0,3
827,1,OSUN,1,25,4,0,1,1,2,2,1,1,1,2,2,8,2,3,0,4,2,1,1,2,0,0,2,1,3
828,1,OSUN,1,25,8,0,1,1,2,2,2,1,2,1,1,4,3,2,0,2,1,0,1,1,2,1,1,1,0
829,2,OSUN,1,23,6,0,2,1,2,2,2,2,2,2,1,7,2,2,0,2,1,1,1,1,0,2,1,1,0
830,2,OYO,1,25,5,0,1,1,2,2,3,1,1,2,2,2,3,3,1,1,3,1,2,2,2,0,0,1,2
831,2,OYO,1,24,5,0,1,1,2,2,3,1,1,2,2,2,3,2,1,1,4,1,2,2,0,0,0,1,1
832,1,OYO,1,18,4,0,2,2,2,2,3,1,1,2,2,20,3,3,1,1,4,1,2,2,2,0,0,2,1
833,2,OYO,2,25,5,0,1,2,2,2,3,1,2,2,2,2,3,3,1,1,4,1,2,2,0,0,0,0,1
834,2,OYO,1,21,5,0,1,1,2,2,3,1,1,2,2,2,3,3,1,0,4,1,2,2,2,0,0,1,1
835,2,OYO,1,21,4,0,2,2,2,2,3,1,1,2,2,1,3,3,1,1,4,1,2,2,0,0,1,1,1
836,1,OYO,1,21,5,0,2,2,2,2,3,2,2,2,2,3,3,3,1,1,4,1,2,2,2,0,0,1,1
837,2,OYO,2,25,5,0,2,1,2,2,3,2,1,2,2,2,3,3,1,1,4,1,2,2,0,0,0,1,1
838,2,OYO,1,25,5,0,1,1,2,2,3,1,2,2,2,1,3,3,1,1,3,1,2,2,0,0,2,0,2
839,2,OYO,1,21,5,0,2,1,2,2,3,1,1,2,2,2,3,3,0,4,4,1,2,2,0,2,2,1,1
840,1,OYO,1,24,5,0,1,1,2,2,3,1,2,2,2,2,3,3,0,1,4,1,2,2,1,1,0,1,1
841,2,OYO,1,23,6,0,2,1,2,2,3,1,1,2,2,1,3,3,0,3,4,1,2,2,2,0,0,1,1
842,1,OYO,2,23,5,0,1,2,2,2,3,1,2,2,2,2,3,3,0,3,4,1,2,2,1,0,2,1,1
843,2,OYO,1,24,5,1,2,2,1,2,3,1,3,2,2,2,2,3,0,3,4,0,2,2,0,0,0,0,1
844,2,OYO,1,25,5,0,2,2,2,2,3,1,2,2,2,1,3,3,0,1,4,1,2,2,0,0,0,0,1
845,2,OYO,1,23,6,0,2,1,2,2,3,1,2,2,1,2,3,3,0,2,4,1,2,2,2,0,2,1,1
846,1,OYO,1,18,6,0,2,2,2,2,1,1,1,2,2,1,3,3,0,4,1,1,2,1,2,0,2,1,0
847,2,OYO,1,23,6,0,2,2,2,2,3,1,2,2,2,2,3,3,0,2,4,1,2,2,0,0,2,1,1
848,2,OYO,1,25,5,0,2,1,2,2,3,2,1,2,2,19,3,3,0,1,4,1,2,2,0,0,0,1,1
849,2,OYO,1,21,5,0,2,1,2,1,3,1,3,2,2,2,3,3,0,4,4,1,2,2,0,0,2,1,1
850,2,OYO,1,23,7,1,1,1,2,2,3,1,2,2,2,2,3,3,0,4,4,1,1,2,1,0,2,1,1
851,2,OYO,1,25,7,0,1,1,2,2,3,1,2,2,2,2,3,3,0,4,4,1,1,2,2,0,0,1,1
852,2,OYO,2,25,5,1,1,1,2,2,3,1,2,2,2,2,2,3,0,1,4,1,1,2,0,0,0,1,1
853,2,OYO,1,25,5,0,1,2,2,2,3,1,2,2,2,2,3,3,0,1,2,1,2,2,2,0,0,1,3
854,1,OYO,1,23,5,0,1,1,2,2,3,1,2,2,2,1,3,3,0,4,4,1,2,2,0,0,2,1,1
855,2,OYO,1,20,6,0,2,1,2,2,3,1,2,2,2,19,3,3,0,1,4,1,2,2,1,0,2,1,1
856,1,OYO,1,23,5,0,2,1,2,2,3,1,1,2,2,2,3,3,0,1,4,1,2,2,0,1,1,1,1
857,1,OYO,1,25,4,1,2,1,2,2,3,1,1,2,2,2,3,3,0,4,4,1,2,2,0,1,2,0,1
858,2,OYO,1,24,6,0,1,2,2,2,2,1,2,2,2,3,3,3,0,4,4,1,2,2,2,0,0,1,1
859,2,PLATEAU,2,18,3,1,1,2,2,2,3,1,2,2,2,1,3,3,1,3,4,1,2,2,2,0,0,1,1
860,2,PLATEAU,2,22,3,1,1,2,2,2,3,1,1,2,2,1,2,3,1,3,4,1,1,2,0,0,1,1,1
861,2,PLATEAU,2,25,3,1,1,2,2,2,2,1,2,2,2,1,3,3,1,3,4,1,1,2,0,0,1,0,1
862,2,PLATEAU,2,25,4,1,1,2,2,2,3,1,2,2,2,1,1,3,1,3,4,1,1,2,1,0,0,1,1
863,1,PLATEAU,2,18,4,1,2,1,2,2,2,1,2,2,2,1,3,3,1,3,4,1,1,2,0,0,0,1,1
864,2,PLATEAU,1,25,5,0,1,1,2,2,2,1,1,2,2,1,3,3,1,3,4,1,1,2,1,0,0,1,1
865,2,PLATEAU,2,25,4,1,1,1,2,2,3,1,2,2,2,1,2,3,1,3,4,1,1,2,1,1,0,1,1
866,2,PLATEAU,2,23,5,0,1,1,2,2,3,1,1,2,2,1,3,3,1,3,4,1,2,2,1,0,0,0,1
867,2,PLATEAU,2,20,2,1,2,2,2,2,3,1,2,2,2,1,3,3,1,3,4,1,2,2,1,0,0,0,1
868,2,PLATEAU,2,22,5,1,1,2,2,2,3,1,1,2,2,1,1,3,1,3,4,1,1,2,0,0,0,0,1
869,1,PLATEAU,2,25,4,1,1,2,1,2,3,2,3,2,2,1,2,3,1,3,4,1,1,2,0,0,0,1,1
870,2,PLATEAU,2,23,2,1,1,2,2,2,2,1,2,2,1,1,3,3,1,1,3,1,2,2,0,0,1,1,2
871,1,PLATEAU,2,23,5,1,2,2,2,2,2,1,2,2,2,1,1,3,1,1,4,1,1,2,1,0,2,1,1
872,1,PLATEAU,2,25,6,1,1,2,2,2,2,1,2,2,2,5,1,3,0,4,4,1,1,2,1,0,2,1,1
873,2,PLATEAU,1,24,5,0,1,1,2,2,3,2,2,2,2,1,3,3,0,3,4,1,2,2,2,0,0,1,1
874,2,PLATEAU,2,25,4,0,1,1,2,2,3,1,2,2,2,1,3,3,0,1,3,1,2,2,2,0,1,1,2
875,2,PLATEAU,1,23,5,0,1,1,2,2,3,1,2,2,2,1,3,3,0,4,4,1,1,2,2,0,1,1,1
876,2,PLATEAU,1,24,6,0,1,1,2,2,3,2,1,2,2,2,3,3,0,4,4,1,2,2,1,0,2,1,1
877,1,PLATEAU,2,25,4,1,1,2,2,2,2,1,2,2,2,2,1,3,0,4,4,1,1,2,0,0,1,0,1
878,1,PLATEAU,2,19,5,1,1,2,2,2,3,1,2,2,2,2,3,3,0,1,3,1,1,2,0,0,0,0,2
879,1,PLATEAU,2,23,5,1,2,1,2,2,2,1,2,2,2,2,3,3,0,1,4,1,1,2,0,0,0,0,1
880,1,PLATEAU,2,18,5,1,1,1,2,2,2,1,4,2,2,2,1,3,0,1,3,0,1,2,1,0,2,1,2
881,2,PLATEAU,1,25,5,0,1,2,2,2,3,2,1,2,2,2,3,3,0,3,4,1,2,2,0,0,2,0,1
882,2,PLATEAU,2,25,4,1,1,2,1,2,1,1,2,2,2,1,2,3,0,3,3,1,1,2,0,0,0,1,2
883,2,RIVERS,2,18,5,0,2,2,2,2,2,1,1,2,2,2,2,3,1,0,4,1,2,2,0,0,0,0,1
884,2,RIVERS,2,22,5,0,2,2,2,2,3,1,1,2,2,2,3,3,1,3,4,1,2,2,0,0,0,0,1
885,2,RIVERS,1,25,5,0,1,2,2,2,3,2,2,2,2,2,3,3,1,3,4,1,2,2,0,0,0,0,1
886,1,RIVERS,1,25,4,0,2,1,2,2,3,1,1,2,2,3,3,3,1,1,4,1,2,2,0,0,0,1,1
887,2,RIVERS,1,24,5,1,1,2,2,2,2,1,2,2,2,2,3,3,1,1,4,1,1,2,2,0,0,1,1
888,2,RIVERS,2,25,5,1,1,1,2,2,2,1,1,2,2,2,3,3,0,2,4,1,2,2,2,0,0,2,1
889,2,RIVERS,1,21,6,0,1,1,2,2,2,1,1,2,1,3,3,3,0,4,4,1,1,2,2,1,2,2,1
890,2,RIVERS,1,22,5,0,1,1,2,2,2,1,2,2,2,18,3,3,0,4,4,1,2,2,0,0,2,1,1
891,2,RIVERS,2,25,5,0,2,2,2,2,2,2,2,2,2,2,3,3,0,4,4,1,2,2,0,0,2,1,1
892,2,RIVERS,1,24,5,0,1,2,2,2,3,2,2,2,2,2,3,3,0,4,4,1,2,2,0,0,2,1,1
893,2,RIVERS,1,22,4,0,2,2,2,2,3,1,2,2,2,1,3,3,0,4,4,1,2,2,0,0,1,1,1
894,2,RIVERS,2,24,5,0,1,1,2,2,2,2,2,2,2,3,3,3,0,4,4,1,2,2,0,0,0,1,1
895,1,SOKOTO,2,20,10,0,2,2,2,2,2,1,1,2,2,2,3,3,1,0,4,1,1,2,0,0,0,0,1
896,1,SOKOTO,2,20,4,0,2,2,2,2,2,1,1,2,2,3,3,3,1,3,4,1,1,2,0,0,0,1,1
897,1,SOKOTO,2,18,3,0,2,2,2,2,2,1,1,2,2,1,3,3,1,3,4,1,2,2,1,1,0,1,1
898,1,SOKOTO,2,25,10,1,1,2,2,2,2,1,1,2,2,2,1,3,1,0,4,1,1,2,0,0,0,1,1
899,2,SOKOTO,2,25,5,0,1,2,2,2,2,1,1,2,2,3,3,3,1,3,4,1,1,2,1,0,2,2,1
900,2,SOKOTO,2,18,3,0,2,2,2,2,2,1,1,2,2,1,3,3,1,3,4,1,2,2,0,1,0,1,1
901,1,SOKOTO,2,20,10,0,2,2,2,2,2,1,1,2,2,1,3,3,1,3,4,1,2,2,0,0,0,1,1
902,1,SOKOTO,2,18,5,0,2,2,2,2,2,1,1,2,2,1,3,3,1,3,4,1,1,2,0,1,0,1,1
903,2,SOKOTO,2,25,3,0,2,2,2,2,3,1,1,2,2,1,1,3,1,3,4,1,1,2,0,1,0,0,1
904,2,SOKOTO,2,18,4,0,2,2,2,2,3,1,2,2,2,1,3,3,1,3,4,1,1,2,0,1,0,1,1
905,2,SOKOTO,2,18,3,0,2,2,2,2,2,1,1,2,2,1,3,3,1,3,4,1,2,2,1,1,1,1,1
906,1,SOKOTO,2,25,4,0,1,2,2,2,2,1,1,2,2,1,3,3,1,3,4,1,1,2,1,1,0,1,1
907,2,SOKOTO,2,18,2,0,2,2,2,2,2,1,1,2,2,1,3,3,1,3,4,1,2,2,0,1,1,0,1
908,2,SOKOTO,2,18,4,0,2,2,2,2,2,1,1,2,2,1,3,3,1,3,4,1,1,2,1,1,0,1,1
909,2,SOKOTO,2,20,4,0,1,2,2,2,3,1,1,2,2,1,3,3,1,3,4,1,1,2,1,1,0,1,1
910,1,SOKOTO,2,23,4,0,1,2,2,2,2,1,1,2,2,1,3,3,1,3,4,1,1,2,0,1,0,1,1
911,1,SOKOTO,2,25,4,0,1,1,2,2,2,1,1,2,2,1,3,3,1,3,4,1,1,2,0,1,0,1,1
912,2,SOKOTO,2,25,2,1,2,2,2,2,2,1,1,2,2,1,1,3,1,3,4,1,1,2,1,1,0,1,1
913,1,SOKOTO,2,18,3,0,2,2,2,2,2,1,1,2,2,1,3,3,1,3,4,1,2,2,0,1,0,0,1
914,2,SOKOTO,2,25,2,1,1,2,2,2,2,1,1,2,2,1,1,3,1,3,4,1,1,2,0,1,0,0,1
915,2,SOKOTO,2,22,10,1,1,2,2,2,2,1,2,2,2,2,3,3,1,3,4,1,1,2,0,0,0,1,1
916,1,SOKOTO,2,20,5,1,1,2,2,2,3,1,1,2,2,1,1,3,1,3,4,1,1,2,0,1,0,0,1
917,1,SOKOTO,2,21,10,0,2,2,2,2,1,1,1,2,2,2,1,3,1,0,4,1,1,2,0,0,0,1,1
918,1,SOKOTO,2,20,10,0,1,2,2,2,2,1,1,2,2,2,1,3,1,0,4,1,1,2,0,0,0,1,1
919,2,SOKOTO,2,25,5,0,1,2,2,2,2,1,1,2,2,1,3,3,1,3,4,1,2,2,2,1,1,2,1
920,2,SOKOTO,2,20,3,0,2,2,2,2,2,1,1,2,2,1,3,3,1,3,4,1,1,2,1,1,0,1,1
921,2,SOKOTO,2,22,3,0,2,2,2,2,2,1,1,2,2,1,3,3,1,3,4,1,2,2,1,1,0,1,1
922,2,SOKOTO,2,20,3,0,2,2,2,2,2,1,1,2,2,1,3,3,1,3,4,1,2,2,1,1,0,1,1
923,2,SOKOTO,2,22,3,1,2,2,2,2,2,1,1,2,2,1,1,3,1,3,4,1,1,2,0,1,0,0,1
924,1,SOKOTO,2,25,3,1,1,2,2,2,3,1,1,2,2,1,1,3,1,3,4,1,1,2,0,1,1,0,1
925,1,SOKOTO,2,25,10,0,1,2,2,2,2,1,1,2,2,2,1,3,1,3,4,1,1,2,1,0,0,1,1
926,1,SOKOTO,2,22,10,0,1,2,2,2,2,1,1,2,2,2,3,3,1,0,4,1,1,2,1,0,0,1,1
927,2,SOKOTO,2,20,10,0,2,1,2,2,2,1,1,2,2,1,3,3,1,0,4,1,1,2,0,1,0,0,1
928,1,SOKOTO,2,20,11,0,1,2,2,2,1,1,1,2,2,2,1,3,1,0,4,1,1,2,1,0,0,1,1
929,2,SOKOTO,2,18,3,0,2,2,2,2,2,1,1,2,2,1,3,3,1,3,4,1,1,2,1,1,0,1,1
930,1,SOKOTO,2,24,10,0,1,2,2,2,1,1,2,2,2,3,3,3,1,3,3,1,1,2,0,0,1,1,2
931,2,SOKOTO,2,20,10,0,2,2,2,2,1,1,1,2,2,1,3,3,1,3,3,1,1,2,0,0,1,1,2
932,2,SOKOTO,1,23,10,0,1,2,2,2,1,1,2,2,2,1,1,3,1,3,3,1,2,2,0,0,1,1,2
933,2,SOKOTO,2,20,10,1,1,1,2,2,2,1,2,2,2,2,2,3,1,1,3,1,2,2,1,1,0,1,2
934,2,SOKOTO,2,23,10,0,1,1,2,2,1,1,2,2,2,1,3,3,1,3,3,1,2,2,0,0,2,1,2
935,2,SOKOTO,2,19,10,1,1,2,2,2,1,1,1,2,2,1,3,3,1,3,3,1,1,2,1,0,2,1,2
936,2,SOKOTO,2,22,10,0,1,2,2,2,1,1,2,2,2,1,3,3,1,3,3,1,1,2,1,0,2,1,2
937,1,SOKOTO,2,25,5,0,1,2,2,2,2,1,1,2,2,2,3,3,1,3,3,1,1,2,0,1,2,1,2
938,2,SOKOTO,2,22,10,1,1,2,2,2,1,1,2,2,2,1,3,3,1,3,4,1,1,2,1,1,1,2,1
939,2,SOKOTO,2,20,3,0,2,2,2,2,2,1,1,2,2,1,3,3,1,3,4,1,2,2,0,1,0,0,1
940,2,SOKOTO,2,19,3,0,1,2,2,2,1,1,2,2,2,1,3,3,1,3,3,1,1,2,1,0,2,1,2
941,2,SOKOTO,2,19,10,1,1,2,2,2,1,1,2,2,2,1,3,3,1,3,4,1,1,2,0,0,2,1,1
942,2,SOKOTO,2,24,10,0,1,2,2,2,1,1,1,2,2,1,3,3,1,3,3,1,1,2,1,1,1,2,2
943,1,SOKOTO,2,19,2,1,1,2,2,2,1,1,3,2,2,2,3,3,1,3,4,1,1,2,0,0,0,1,1
944,1,SOKOTO,2,25,3,1,1,2,2,2,2,1,1,2,2,2,3,3,0,0,4,1,1,2,1,0,0,1,1
945,2,SOKOTO,2,20,4,1,1,1,2,2,1,1,2,2,2,1,3,3,0,4,4,1,1,2,1,0,2,1,1
946,2,SOKOTO,2,25,3,0,1,2,2,2,2,1,1,2,2,2,1,3,0,0,4,1,1,2,0,0,0,0,1
947,1,SOKOTO,2,22,4,0,1,2,2,2,1,1,2,2,2,1,3,3,0,3,4,1,1,2,1,0,0,2,1
948,2,SOKOTO,2,25,10,0,1,1,2,2,1,1,1,2,2,2,3,3,0,4,4,1,1,2,0,1,1,1,1
949,2,TARABA,2,23,11,0,1,2,2,2,3,2,2,1,1,19,3,3,1,3,4,1,2,2,0,0,0,0,1
950,1,TARABA,2,23,11,1,2,2,2,2,3,1,2,1,1,19,1,3,1,3,4,1,2,2,0,1,0,0,1
951,1,TARABA,2,23,4,1,1,2,2,2,3,1,2,2,1,18,1,3,1,3,4,1,2,2,0,0,0,0,1
952,1,TARABA,2,20,10,1,2,2,2,2,2,1,2,2,1,3,1,3,1,0,4,1,1,2,0,0,1,0,1
953,1,TARABA,2,22,5,1,2,2,2,2,3,1,3,2,2,2,1,3,1,3,4,1,1,2,0,0,0,0,1
954,1,TARABA,2,21,2,1,1,2,2,2,1,1,2,2,2,1,3,3,1,3,4,1,1,2,0,0,2,1,1
955,1,TARABA,2,20,5,1,2,2,2,2,2,1,2,1,2,2,1,3,1,3,4,1,1,2,0,0,0,0,1
956,1,TARABA,1,22,10,0,2,2,2,2,3,1,2,2,2,2,3,3,1,3,4,1,2,2,0,0,0,0,1
957,1,TARABA,2,25,10,1,2,2,2,2,2,2,1,2,2,18,1,3,1,0,4,1,1,2,0,0,0,1,1
958,2,TARABA,2,25,2,0,2,2,2,2,3,1,2,2,2,19,2,3,1,3,4,1,1,2,0,0,1,0,1
959,1,TARABA,2,20,3,1,2,1,2,2,2,1,2,2,1,1,1,3,1,3,4,1,1,2,0,0,1,0,1
960,2,TARABA,1,19,10,0,2,1,2,2,3,1,2,2,2,1,3,3,1,3,4,1,2,2,0,0,0,0,1
961,2,TARABA,2,20,11,1,2,2,2,2,3,1,2,1,2,18,3,3,1,3,4,1,2,2,0,1,0,0,1
962,2,TARABA,2,25,4,1,1,2,2,2,2,1,2,2,2,1,2,3,1,0,4,1,1,2,1,0,0,1,1
963,2,TARABA,2,20,10,0,2,2,2,2,2,1,1,2,1,19,3,3,1,3,4,1,1,2,2,0,0,1,1
964,1,TARABA,2,25,10,1,2,2,2,2,3,1,1,2,2,18,3,3,1,0,4,1,2,2,2,0,2,1,1
965,2,TARABA,2,22,5,0,2,2,2,2,2,1,2,1,1,3,3,3,1,3,4,1,2,2,1,1,0,2,1
966,2,TARABA,2,25,4,1,2,2,2,2,2,2,2,2,1,1,3,3,1,3,3,1,2,2,0,0,0,1,2
967,1,TARABA,2,18,4,1,2,2,2,2,3,1,3,2,1,1,3,3,1,1,3,1,2,2,0,0,0,0,2
968,1,TARABA,2,25,11,1,2,2,2,2,3,1,3,2,2,2,1,3,1,1,4,1,1,2,1,0,1,1,1
969,1,TARABA,1,18,2,0,2,1,2,2,2,1,2,2,2,1,2,3,1,1,4,1,2,2,0,0,0,1,1
970,1,TARABA,2,23,4,1,1,2,2,2,2,2,3,2,1,2,1,3,1,1,4,1,1,2,0,0,0,0,1
971,2,TARABA,2,25,3,1,2,2,2,2,2,1,1,2,2,1,1,3,1,3,4,1,1,2,0,1,0,0,1
972,1,TARABA,1,18,3,1,1,1,2,2,2,1,2,2,2,6,1,3,1,3,4,1,1,2,0,0,0,0,1
973,2,TARABA,2,20,5,1,2,2,2,2,2,2,2,2,2,1,1,3,1,3,4,1,1,2,0,0,2,0,1
974,2,TARABA,1,25,2,1,2,2,2,2,3,1,1,2,1,18,1,3,1,3,4,1,1,2,0,0,0,0,1
975,1,TARABA,2,18,4,1,1,2,2,2,3,1,1,2,2,18,1,3,1,1,4,1,1,2,0,0,2,0,1
976,1,TARABA,2,22,5,1,1,2,2,2,2,2,1,2,2,1,1,3,1,1,3,1,1,2,2,0,2,1,2
977,2,TARABA,2,25,2,0,1,2,2,2,3,1,2,2,2,1,3,3,1,1,4,1,2,2,0,0,0,1,1
978,2,TARABA,2,20,5,1,1,2,2,2,3,1,2,2,2,1,3,3,1,1,4,1,2,2,0,0,1,0,1
979,1,TARABA,2,18,11,1,1,2,2,2,3,1,2,2,2,1,2,3,1,3,4,1,1,2,2,0,0,1,1
980,1,TARABA,2,25,10,1,2,2,2,2,2,1,2,2,1,18,1,3,1,0,4,1,1,2,0,0,0,0,1
981,2,TARABA,2,25,3,1,2,2,2,2,3,1,3,2,1,1,3,3,1,2,4,1,2,2,0,0,0,0,1
982,1,TARABA,2,25,5,1,1,2,2,2,2,2,2,2,1,1,1,3,1,3,3,1,2,2,0,0,0,0,2
983,2,TARABA,2,22,5,1,2,2,2,2,2,1,1,2,2,3,3,3,1,3,4,1,1,2,0,0,1,0,1
984,2,TARABA,2,25,4,1,1,1,2,2,3,1,2,2,2,1,3,3,1,3,4,1,1,2,0,0,1,0,1
985,2,TARABA,2,20,10,0,2,2,2,2,2,1,2,2,1,19,3,3,1,1,4,1,1,2,0,0,0,1,1
986,1,TARABA,2,23,10,1,2,1,2,2,2,1,2,1,1,18,1,3,1,3,4,1,1,2,0,0,1,0,1
987,2,TARABA,2,20,3,0,1,2,2,2,2,2,2,2,1,2,1,3,1,1,4,1,2,2,0,1,0,1,1
988,1,TARABA,1,21,5,1,1,2,2,2,2,1,2,2,1,1,1,3,1,1,4,1,1,2,0,0,0,0,1
989,1,TARABA,2,25,5,0,1,2,2,2,2,1,2,2,2,2,1,3,1,1,3,1,1,2,2,0,1,1,2
990,1,TARABA,1,19,4,0,2,2,2,2,2,2,2,2,2,1,3,3,1,3,4,1,2,2,1,0,0,1,1
991,2,TARABA,1,20,5,1,1,1,2,2,2,1,2,2,1,2,3,3,1,3,4,1,1,2,1,0,0,1,1
992,2,TARABA,2,24,10,1,2,2,2,2,1,2,1,1,2,18,1,3,1,2,3,1,1,1,0,0,2,1,2
993,1,TARABA,1,25,5,1,1,1,2,2,2,1,2,2,2,3,1,3,1,2,4,1,1,1,1,0,2,2,1
994,1,TARABA,1,24,4,1,1,2,2,2,3,1,2,2,2,1,2,3,1,3,4,1,2,2,0,0,0,0,1
995,1,TARABA,2,24,3,1,1,2,2,2,2,1,2,2,2,2,2,3,1,1,3,1,1,2,0,0,2,1,2
996,2,TARABA,1,18,4,0,2,2,2,2,2,1,2,2,2,6,3,3,1,1,3,1,1,2,1,0,2,1,2
997,1,TARABA,1,18,4,0,2,1,2,2,3,1,2,2,2,1,1,3,1,3,4,1,2,2,2,0,0,1,1
998,1,TARABA,1,24,5,1,1,2,2,2,3,1,3,2,2,1,1,3,1,1,3,1,1,2,1,0,2,1,2
999,2,TARABA,1,20,4,0,2,1,2,2,2,1,1,2,2,4,3,3,1,1,3,1,1,2,1,0,1,1,2
1000,2,TARABA,2,21,4,1,2,2,2,2,3,2,1,2,2,2,3,3,1,3,4,1,2,2,0,0,2,0,1
1001,2,TARABA,1,25,2,0,1,1,2,2,3,2,2,2,2,1,3,2,1,3,4,1,1,2,1,0,0,0,1
1002,2,TARABA,1,24,4,1,1,2,2,2,2,1,2,2,2,2,3,3,1,1,3,1,1,2,2,0,1,1,2
1003,1,TARABA,1,19,5,0,1,1,2,2,3,1,2,2,2,2,3,3,0,4,4,1,1,2,1,0,1,1,1
1004,2,TARABA,2,23,5,0,1,1,2,2,2,1,2,2,2,3,3,3,0,4,4,1,1,2,2,1,2,2,1
1005,1,TARABA,2,25,5,1,1,2,2,2,2,1,2,1,1,1,1,3,0,1,4,1,1,2,1,0,2,1,1
1006,2,TARABA,1,25,5,0,1,2,2,2,2,1,3,2,2,19,3,3,0,1,4,1,2,2,0,0,2,0,1
1007,2,TARABA,1,23,5,0,1,2,2,2,3,1,1,2,2,2,3,3,0,3,4,1,2,2,0,0,2,1,1
1008,2,TARABA,2,19,4,0,2,2,2,2,2,2,1,2,2,18,3,3,0,4,4,1,2,2,0,0,2,1,1
1009,2,TARABA,1,20,3,0,1,2,2,2,2,2,2,2,2,2,3,3,0,2,4,1,2,2,0,0,1,0,1
1010,2,TARABA,2,25,5,0,2,1,2,2,3,1,1,2,2,19,3,3,0,1,4,1,2,2,1,0,1,1,1
1011,2,TARABA,1,20,4,0,1,2,2,2,2,2,2,2,1,1,3,3,0,1,4,1,1,2,2,0,2,1,1
1012,2,TARABA,1,20,4,1,1,2,2,2,3,1,2,2,2,18,3,3,0,3,2,1,2,2,2,0,2,1,3
1013,1,TARABA,2,25,6,0,1,2,2,2,2,1,2,1,2,2,1,3,0,1,3,1,1,2,0,0,0,1,2
1014,1,TARABA,1,23,5,0,2,1,2,2,2,2,1,2,2,3,3,3,0,4,2,1,1,1,0,0,2,2,3
1015,2,TARABA,1,23,5,0,1,1,2,2,3,2,1,2,1,3,3,3,0,3,4,1,2,2,2,0,2,1,1
1016,2,TARABA,1,25,5,0,1,2,2,2,3,1,2,1,1,1,3,3,0,3,4,1,2,2,1,0,1,1,1
1017,2,YOBE,2,19,10,1,1,2,2,2,3,1,1,2,1,19,3,3,1,3,4,1,1,2,0,0,0,0,1
1018,1,YOBE,2,20,10,1,1,2,2,2,3,1,2,2,1,20,3,3,1,3,4,1,2,2,0,0,0,0,1
1019,2,YOBE,2,25,10,0,2,2,2,2,3,1,2,2,2,5,3,3,1,3,4,1,2,2,0,0,0,1,1
1020,1,YOBE,2,20,10,1,2,2,2,2,3,1,2,2,2,3,1,3,1,3,4,1,1,2,2,1,0,1,1
1021,1,YOBE,2,25,10,1,2,2,2,2,2,1,2,2,1,2,1,1,1,3,4,1,1,2,0,0,0,0,1
1022,2,YOBE,2,24,11,0,2,1,2,2,3,1,1,2,2,1,3,3,1,0,4,1,2,2,0,0,0,1,1
1023,1,YOBE,2,25,10,1,1,2,2,2,3,1,2,2,1,3,1,3,1,3,4,1,1,2,0,0,0,0,1
1024,2,YOBE,2,18,10,1,2,1,2,2,3,1,1,2,1,1,1,3,1,3,4,1,1,2,0,0,0,0,1
1025,1,YOBE,2,25,4,1,2,2,2,2,2,2,1,2,1,1,1,3,1,0,4,1,1,2,0,0,2,1,1
1026,1,YOBE,2,21,10,1,1,2,2,2,2,1,3,2,2,2,1,3,1,0,4,1,1,2,0,0,0,0,1
1027,1,YOBE,1,25,10,0,1,1,2,2,2,1,3,2,2,1,3,3,1,2,3,1,2,1,2,0,2,1,2
1028,1,YOBE,2,25,10,1,1,2,2,2,2,1,2,1,2,4,1,3,1,2,4,1,1,1,0,0,0,1,1
1029,2,YOBE,1,20,4,0,1,2,2,2,2,1,1,2,2,1,3,3,1,0,4,1,2,2,0,0,2,1,1
1030,2,YOBE,1,20,2,0,2,2,2,2,3,1,2,2,2,2,3,3,1,0,4,1,2,2,0,0,0,0,1
1031,2,YOBE,2,18,10,1,1,2,2,2,2,1,2,2,1,18,1,3,0,3,4,1,1,2,0,0,2,1,1
1032,1,YOBE,2,25,11,1,1,2,2,2,1,1,1,2,1,2,3,3,0,3,4,1,1,2,0,0,0,1,1
1033,1,YOBE,2,25,3,0,1,2,2,2,3,1,2,2,2,1,3,3,0,3,4,1,1,2,0,0,0,0,1
1034,1,YOBE,1,25,3,1,1,2,2,2,2,1,2,2,2,1,3,3,0,4,4,1,2,2,0,0,0,1,1
1035,1,YOBE,2,22,3,0,1,2,2,2,3,1,1,1,1,6,1,3,0,0,3,1,1,2,2,0,2,1,2
1036,1,YOBE,2,25,5,1,1,1,2,2,2,1,2,1,1,2,1,3,0,3,4,1,1,2,0,0,2,0,1
1037,1,YOBE,2,25,10,1,2,1,2,2,3,1,2,2,1,20,2,3,0,3,4,1,2,2,2,0,0,1,1
1038,2,ZAMFARA,2,21,11,1,1,1,2,2,1,1,2,2,2,2,1,3,1,0,4,1,1,2,0,0,1,1,1
1039,2,ZAMFARA,2,23,10,1,1,2,2,2,2,1,1,2,2,3,3,3,1,3,4,1,2,2,0,1,0,1,1
1040,2,ZAMFARA,2,23,11,0,2,2,2,2,2,2,1,2,2,1,1,3,1,1,3,1,1,2,0,1,1,1,2
1041,1,ZAMFARA,2,20,2,1,2,2,2,2,2,1,1,2,2,3,3,3,1,0,4,1,1,2,2,0,0,1,1
1042,2,ZAMFARA,2,24,10,0,1,2,2,2,2,1,1,2,2,1,3,3,1,3,4,1,1,2,0,1,1,1,1
1043,2,ZAMFARA,2,21,10,1,1,1,2,2,2,1,1,2,2,1,3,3,0,3,4,1,1,2,0,1,1,1,1
1044,2,ZAMFARA,2,23,5,1,1,1,2,2,3,1,1,2,2,1,1,3,0,3,4,1,1,2,0,0,2,0,1
1045,1,ZAMFARA,2,25,10,1,1,2,2,2,1,1,1,2,2,20,3,3,0,2,3,1,1,1,0,1,1,2,2
1046,2,ZAMFARA,2,20,3,1,1,2,2,2,1,1,2,2,2,3,2,3,0,3,4,1,1,2,0,1,0,1,1
1047,2,ZAMFARA,2,22,10,1,1,1,2,2,2,1,1,2,2,1,3,3,0,3,4,1,1,2,0,1,1,1,1
1048,2,ZAMFARA,1,22,5,1,1,2,2,2,2,1,1,2,2,19,1,3,0,3,4,1,1,2,0,1,0,2,1
1049,2,ZAMFARA,1,25,6,0,1,2,2,2,2,1,2,2,2,2,3,3,0,4,3,1,1,1,0,1,2,1,2
1050,2,ZAMFARA,2,25,4,1,1,2,2,2,2,1,2,2,2,1,1,3,0,1,4,1,1,2,0,0,1,1,1
1051,2,ZAMFARA,2,24,10,1,1,2,2,2,1,1,1,2,2,5,1,3,0,3,4,1,1,2,0,1,1,2,1
1052,2,ZAMFARA,2,25,10,1,1,2,2,2,2,2,1,2,2,19,3,3,0,3,4,1,1,2,0,1,1,1,1
1053,2,ZAMFARA,1,22,5,0,1,2,2,2,3,2,2,2,2,1,3,3,0,3,4,1,1,2,0,1,2,1,1
1054,1,ZAMFARA,2,25,4,0,2,1,2,2,2,1,1,2,2,19,1,3,0,2,4,1,1,1,2,1,1,2,1
